-- phpMyAdmin SQL Dump
-- version 4.8.0
-- https://www.phpmyadmin.net/
--
-- Máy chủ: 127.0.0.1
-- Thời gian đã tạo: Th7 02, 2019 lúc 04:08 AM
-- Phiên bản máy phục vụ: 10.1.31-MariaDB
-- Phiên bản PHP: 7.2.4

SET SQL_MODE = "NO_AUTO_VALUE_ON_ZERO";
SET AUTOCOMMIT = 0;
START TRANSACTION;
SET time_zone = "+00:00";


/*!40101 SET @OLD_CHARACTER_SET_CLIENT=@@CHARACTER_SET_CLIENT */;
/*!40101 SET @OLD_CHARACTER_SET_RESULTS=@@CHARACTER_SET_RESULTS */;
/*!40101 SET @OLD_COLLATION_CONNECTION=@@COLLATION_CONNECTION */;
/*!40101 SET NAMES utf8mb4 */;

--
-- Cơ sở dữ liệu: `dongho`
--

-- --------------------------------------------------------

--
-- Cấu trúc bảng cho bảng `chitiethoadon`
--

CREATE TABLE `chitiethoadon` (
  `id_hdct` int(10) NOT NULL,
  `mahd` int(11) NOT NULL,
  `idsp` int(11) NOT NULL,
  `soluong` int(11) NOT NULL,
  `gia` int(11) NOT NULL,
  `phuongthucthanhtoan` int(11) NOT NULL
) ENGINE=InnoDB DEFAULT CHARSET=utf8;

--
-- Đang đổ dữ liệu cho bảng `chitiethoadon`
--

INSERT INTO `chitiethoadon` (`id_hdct`, `mahd`, `idsp`, `soluong`, `gia`, `phuongthucthanhtoan`) VALUES
(1, 1, 4, 1, 550000, 3),
(2, 1, 9, 1, 499000, 3),
(3, 1, 10, 1, 530000, 3),
(4, 2, 10, 1, 530000, 3),
(5, 3, 9, 1, 499000, 3),
(6, 4, 10, 1, 530000, 3),
(7, 5, 4, 1, 550000, 3),
(8, 6, 4, 1, 550000, 3),
(9, 7, 4, 1, 550000, 3),
(10, 8, 4, 1, 550000, 3),
(11, 9, 4, 1, 550000, 3),
(12, 10, 72, 1, 800000, 3),
(13, 10, 10, 1, 530000, 3);

-- --------------------------------------------------------

--
-- Cấu trúc bảng cho bảng `danhmuc`
--

CREATE TABLE `danhmuc` (
  `madm` int(11) NOT NULL,
  `tendm` varchar(50) NOT NULL,
  `dequi` int(11) NOT NULL
) ENGINE=InnoDB DEFAULT CHARSET=utf8;

--
-- Đang đổ dữ liệu cho bảng `danhmuc`
--

INSERT INTO `danhmuc` (`madm`, `tendm`, `dequi`) VALUES
(1, 'Đồng hồ', 0),
(2, 'Phụ kiện', 0),
(3, 'Skmei', 1),
(4, 'Carnival', 1),
(5, 'Winner', 1),
(6, 'Tiger', 1),
(7, 'Julius', 1),
(8, 'SmartWatch', 1),
(9, 'Dây', 2),
(10, 'Pin', 2);

-- --------------------------------------------------------

--
-- Cấu trúc bảng cho bảng `hoadon`
--

CREATE TABLE `hoadon` (
  `mahd` int(11) NOT NULL,
  `idnd` int(11) DEFAULT NULL,
  `hoten` varchar(50) NOT NULL,
  `diachi` varchar(50) NOT NULL,
  `dienthoai` int(11) NOT NULL,
  `email` varchar(255) NOT NULL,
  `ngaydathang` date NOT NULL,
  `trangthai` int(11) NOT NULL
) ENGINE=InnoDB DEFAULT CHARSET=utf8;

--
-- Đang đổ dữ liệu cho bảng `hoadon`
--

INSERT INTO `hoadon` (`mahd`, `idnd`, `hoten`, `diachi`, `dienthoai`, `email`, `ngaydathang`, `trangthai`) VALUES
(1, 3, 'Nguyễn Văn Quốc Tuấn', 'Ẩn Danh', 943786975, 'nvquoctuan@gmail.com', '2018-12-17', 1),
(2, 4, 'Nguyễn Văn Quốc Tuấn', 'Ẩn Danh', 943786975, 'nvquoctuan@gmail.com', '2018-12-17', 1),
(3, 4, 'Nguyễn Văn Quốc Tuấn', 'Ẩn Danh', 943786975, 'nvquoctuan@gmail.com', '2018-12-17', 1),
(4, 4, 'Nguyễn Văn Quốc Tuấn', 'Ẩn Danh', 943786975, 'nvquoctuan@gmail.com', '2018-12-17', 1),
(5, 4, 'Nguyễn Văn Quốc Tuấn', 'Ẩn Danh', 943786975, 'nvquoctuan@gmail.com', '2018-12-17', 1),
(6, 4, 'Nguyễn Văn Quốc Tuấn', 'Ẩn Danh', 943786975, 'nvquoctuan@gmail.com', '2018-12-17', 1),
(7, 4, 'Nguyễn Văn Quốc Tuấn', 'Ẩn Danh', 943786975, 'nvquoctuan@gmail.com', '2018-12-17', 1),
(8, 4, 'Nguyễn Văn Quốc Tuấn', 'Ẩn Danh', 943786975, 'nvquoctuan@gmail.com', '2018-12-17', 1),
(9, 4, 'Nguyễn Văn Quốc Tuấn', 'Ẩn Danh', 943786975, 'nvquoctuan@gmail.com', '2018-12-17', 3),
(10, 3, 'Nguyễn Văn Quốc Tuấn', 'Ẩn Danh', 943786975, 'nvquoctuan123@gmail.com', '2018-12-26', 1);

-- --------------------------------------------------------

--
-- Cấu trúc bảng cho bảng `nguoidung`
--

CREATE TABLE `nguoidung` (
  `idnd` int(11) NOT NULL,
  `tennd` varchar(255) NOT NULL,
  `username` varchar(50) NOT NULL,
  `password` varchar(50) NOT NULL,
  `ngaysinh` date NOT NULL,
  `gioitinh` varchar(10) NOT NULL,
  `email` varchar(255) NOT NULL,
  `dienthoai` int(11) NOT NULL,
  `diachi` varchar(255) NOT NULL,
  `ngaydangky` date NOT NULL,
  `phanquyen` int(11) NOT NULL
) ENGINE=InnoDB DEFAULT CHARSET=utf8;

--
-- Đang đổ dữ liệu cho bảng `nguoidung`
--

INSERT INTO `nguoidung` (`idnd`, `tennd`, `username`, `password`, `ngaysinh`, `gioitinh`, `email`, `dienthoai`, `diachi`, `ngaydangky`, `phanquyen`) VALUES
(3, 'Nguyễn Văn Quốc Tuấn', 'admin', 'e10adc3949ba59abbe56e057f20f883e', '1899-01-01', 'Nam', 'nvquoctuan123@gmail.com', 943786975, 'Ẩn Danh', '2018-12-12', 0),
(4, 'Nguyễn Văn Quốc Tuấn', 'nd1', 'e10adc3949ba59abbe56e057f20f883e', '1899-01-01', 'Nam', 'nvquoctuan@gmail.com', 943786975, 'Ẩn Danh', '2018-12-12', 1);

-- --------------------------------------------------------

--
-- Cấu trúc bảng cho bảng `sanpham`
--

CREATE TABLE `sanpham` (
  `idsp` int(11) NOT NULL,
  `tensp` varchar(50) NOT NULL,
  `hinhanh` varchar(255) NOT NULL,
  `mau` varchar(20) NOT NULL,
  `chitiet` text NOT NULL,
  `soluong` int(11) NOT NULL,
  `daban` int(11) NOT NULL,
  `gia` int(11) NOT NULL,
  `khuyenmai1` int(11) NOT NULL,
  `khuyenmai2` varchar(255) NOT NULL,
  `madm` int(11) NOT NULL,
  `ngaycapnhat` date NOT NULL,
  `trangthai` int(11) NOT NULL
) ENGINE=InnoDB DEFAULT CHARSET=utf8;

--
-- Đang đổ dữ liệu cho bảng `sanpham`
--

INSERT INTO `sanpham` (`idsp`, `tensp`, `hinhanh`, `mau`, `chitiet`, `soluong`, `daban`, `gia`, `khuyenmai1`, `khuyenmai2`, `madm`, `ngaycapnhat`, `trangthai`) VALUES
(4, 'Skmei SK1840', 'skmei-1285-300x300.jpg', '', '<table border=\"0\" cellpadding=\"0\" cellspacing=\"0\" style=\"width:570px\">\n<tr><td rowspan=\"4\" style = \"    background-color: rgb(246, 246, 246);height: 20px;vertical-align: baseline;width: 150px !important;\">\n<p>Thông tin chung</p></td>\n<td style = \"    background-color: rgb(252, 252, 252);height: 20px;vertical-align: baseline;\">\n<p>Model</p> </td> \n<td style = \"background-color: rgb(252, 252, 252);height: 20px;vertical-align: baseline;\">\n<p>SK1840</p> </td> \n</tr>\n<tr>\n<td style = \"    background-color: rgb(252, 252, 252);height: 20px;vertical-align: baseline;\">\n<p>Mã máy</p> </td> \n<td style = \"background-color: rgb(252, 252, 252);height: 20px;vertical-align: baseline;\">\n<p>SK1285/1287</p> </td> \n</tr>\n<tr>\n<td style = \"    background-color: rgb(252, 252, 252);height: 20px;vertical-align: baseline;\">\n<p>Xuất xử máy PIN</p> </td> \n<td style = \"background-color: rgb(252, 252, 252);height: 20px;vertical-align: baseline;\">\n<p>Japan</p> </td> \n</tr>\n<tr>\n<td style = \"    background-color: rgb(252, 252, 252);height: 20px;vertical-align: baseline;\">\n<p>Ngôn ngữ</p> </td> \n<td style = \"background-color: rgb(252, 252, 252);height: 20px;vertical-align: baseline;\">\n<p>Tiếng Anh</p> </td> \n</tr>\n<tr><td rowspan=\"4\" style = \"    background-color: rgb(246, 246, 246);height: 20px;vertical-align: baseline;width: 150px !important;\">\n<p>Tính Năng</p></td>\n<td style = \"    background-color: rgb(252, 252, 252);height: 20px;vertical-align: baseline;\">\n<p>Chiếu sáng EL Light</p> </td> \n<td style = \"background-color: rgb(252, 252, 252);height: 20px;vertical-align: baseline;\">\n<p>hỗ trợ</p> </td> \n</tr>\n<tr>\n<td style = \"    background-color: rgb(252, 252, 252);height: 20px;vertical-align: baseline;\">\n<p>Chế độ giờ</p> </td> \n<td style = \"background-color: rgb(252, 252, 252);height: 20px;vertical-align: baseline;\">\n<p>Số điện tử</p> </td> \n</tr>\n<tr>\n<td style = \"    background-color: rgb(252, 252, 252);height: 20px;vertical-align: baseline;\">\n<p>Lịch ngày tháng</p> </td> \n<td style = \"background-color: rgb(252, 252, 252);height: 20px;vertical-align: baseline;\">\n<p>Hỗ trợ</p> </td> \n</tr>\n<tr>\n<td style = \"    background-color: rgb(252, 252, 252);height: 20px;vertical-align: baseline;\">\n<p>Bấm giờ thể thao</p> </td> \n<td style = \"background-color: rgb(252, 252, 252);height: 20px;vertical-align: baseline;\">\n<p>Hỗ trợ</p> </td> \n</tr>\n<tr>\n<td rowspan=\"4\" style = \"    background-color: rgb(246, 246, 246);height: 20px;vertical-align: baseline;width: 150px !important;\">\n<p>Kích thước</p></td>\n<td style = \"    background-color: rgb(252, 252, 252);height: 20px;vertical-align: baseline;\">\n<p>Đường kính</p> </td> \n<td style = \"background-color: rgb(252, 252, 252);height: 20px;vertical-align: baseline;\">\n<p>Men :Large 52mm – Woman: Small 46mm</p> </td> \n</tr>\n<tr>\n<td style = \"    background-color: rgb(252, 252, 252);height: 20px;vertical-align: baseline;\">\n<p>Độ dày</p> </td> \n<td style = \"background-color: rgb(252, 252, 252);height: 20px;vertical-align: baseline;\">\n<p>15mm</p> </td> \n</tr>\n<tr>\n<td style = \"    background-color: rgb(252, 252, 252);height: 20px;vertical-align: baseline;\">\n<p>Độ dài dây</p> </td> \n<td style = \"background-color: rgb(252, 252, 252);height: 20px;vertical-align: baseline;\">\n<p>250mm</p> </td> \n</tr>\n<tr>\n<td style = \"    background-color: rgb(252, 252, 252);height: 20px;vertical-align: baseline;\">\n<p>Chế độ bảo hành</p> </td> \n<td style = \"background-color: rgb(252, 252, 252);height: 20px;vertical-align: baseline;\">\n<p>12 tháng Skmei Việt Nam</p> </td> \n</tr>\n</table>', 18, 11, 550000, 0, '', 3, '2014-05-20', 0),
(9, 'Skmei SK1841', 'dong-ho-skmei-1250-300x300.jpg', '', '<table border=\"0\" cellpadding=\"0\" cellspacing=\"0\" style=\"width:570px\">\n<tr><td rowspan=\"4\" style = \"    background-color: rgb(246, 246, 246);height: 20px;vertical-align: baseline;width: 150px !important;\">\n<p>Thông tin chung</p></td>\n<td style = \"    background-color: rgb(252, 252, 252);height: 20px;vertical-align: baseline;\">\n<p>Model</p> </td> \n<td style = \"background-color: rgb(252, 252, 252);height: 20px;vertical-align: baseline;\">\n<p>SK1841</p> </td> \n</tr>\n<tr>\n<td style = \"    background-color: rgb(252, 252, 252);height: 20px;vertical-align: baseline;\">\n<p>Mã máy</p> </td> \n<td style = \"background-color: rgb(252, 252, 252);height: 20px;vertical-align: baseline;\">\n<p>SK1285/1287</p> </td> \n</tr>\n<tr>\n<td style = \"    background-color: rgb(252, 252, 252);height: 20px;vertical-align: baseline;\">\n<p>Xuất xử máy PIN</p> </td> \n<td style = \"background-color: rgb(252, 252, 252);height: 20px;vertical-align: baseline;\">\n<p>Japan</p> </td> \n</tr>\n<tr>\n<td style = \"    background-color: rgb(252, 252, 252);height: 20px;vertical-align: baseline;\">\n<p>Ngôn ngữ</p> </td> \n<td style = \"background-color: rgb(252, 252, 252);height: 20px;vertical-align: baseline;\">\n<p>Tiếng Anh</p> </td> \n</tr>\n<tr><td rowspan=\"4\" style = \"    background-color: rgb(246, 246, 246);height: 20px;vertical-align: baseline;width: 150px !important;\">\n<p>Tính Năng</p></td>\n<td style = \"    background-color: rgb(252, 252, 252);height: 20px;vertical-align: baseline;\">\n<p>Chiếu sáng EL Light</p> </td> \n<td style = \"background-color: rgb(252, 252, 252);height: 20px;vertical-align: baseline;\">\n<p>hỗ trợ</p> </td> \n</tr>\n<tr>\n<td style = \"    background-color: rgb(252, 252, 252);height: 20px;vertical-align: baseline;\">\n<p>Chế độ giờ</p> </td> \n<td style = \"background-color: rgb(252, 252, 252);height: 20px;vertical-align: baseline;\">\n<p>Số điện tử</p> </td> \n</tr>\n<tr>\n<td style = \"    background-color: rgb(252, 252, 252);height: 20px;vertical-align: baseline;\">\n<p>Lịch ngày tháng</p> </td> \n<td style = \"background-color: rgb(252, 252, 252);height: 20px;vertical-align: baseline;\">\n<p>Hỗ trợ</p> </td> \n</tr>\n<tr>\n<td style = \"    background-color: rgb(252, 252, 252);height: 20px;vertical-align: baseline;\">\n<p>Bấm giờ thể thao</p> </td> \n<td style = \"background-color: rgb(252, 252, 252);height: 20px;vertical-align: baseline;\">\n<p>Hỗ trợ</p> </td> \n</tr>\n<tr>\n<td rowspan=\"4\" style = \"    background-color: rgb(246, 246, 246);height: 20px;vertical-align: baseline;width: 150px !important;\">\n<p>Kích thước</p></td>\n<td style = \"    background-color: rgb(252, 252, 252);height: 20px;vertical-align: baseline;\">\n<p>Đường kính</p> </td> \n<td style = \"background-color: rgb(252, 252, 252);height: 20px;vertical-align: baseline;\">\n<p>Men :Large 52mm – Woman: Small 46mm</p> </td> \n</tr>\n<tr>\n<td style = \"    background-color: rgb(252, 252, 252);height: 20px;vertical-align: baseline;\">\n<p>Độ dày</p> </td> \n<td style = \"background-color: rgb(252, 252, 252);height: 20px;vertical-align: baseline;\">\n<p>15mm</p> </td> \n</tr>\n<tr>\n<td style = \"    background-color: rgb(252, 252, 252);height: 20px;vertical-align: baseline;\">\n<p>Độ dài dây</p> </td> \n<td style = \"background-color: rgb(252, 252, 252);height: 20px;vertical-align: baseline;\">\n<p>250mm</p> </td> \n</tr>\n<tr>\n<td style = \"    background-color: rgb(252, 252, 252);height: 20px;vertical-align: baseline;\">\n<p>Chế độ bảo hành</p> </td> \n<td style = \"background-color: rgb(252, 252, 252);height: 20px;vertical-align: baseline;\">\n<p>12 tháng Skmei Việt Nam</p> </td> \n</tr>\n</table>', 20, 16, 499000, 0, '', 3, '2014-05-20', 0),
(10, 'Skmei SK1842', 'dong-ho-skmei-1301-2-300x300.jpg', '', '<table border=\"0\" cellpadding=\"0\" cellspacing=\"0\" style=\"width:570px\">\n<tr><td rowspan=\"4\" style = \"    background-color: rgb(246, 246, 246);height: 20px;vertical-align: baseline;width: 150px !important;\">\n<p>Thông tin chung</p></td>\n<td style = \"    background-color: rgb(252, 252, 252);height: 20px;vertical-align: baseline;\">\n<p>Model</p> </td> \n<td style = \"background-color: rgb(252, 252, 252);height: 20px;vertical-align: baseline;\">\n<p>SK1842</p> </td> \n</tr>\n<tr>\n<td style = \"    background-color: rgb(252, 252, 252);height: 20px;vertical-align: baseline;\">\n<p>Mã máy</p> </td> \n<td style = \"background-color: rgb(252, 252, 252);height: 20px;vertical-align: baseline;\">\n<p>SK1285/1287</p> </td> \n</tr>\n<tr>\n<td style = \"    background-color: rgb(252, 252, 252);height: 20px;vertical-align: baseline;\">\n<p>Xuất xử máy PIN</p> </td> \n<td style = \"background-color: rgb(252, 252, 252);height: 20px;vertical-align: baseline;\">\n<p>Japan</p> </td> \n</tr>\n<tr>\n<td style = \"    background-color: rgb(252, 252, 252);height: 20px;vertical-align: baseline;\">\n<p>Ngôn ngữ</p> </td> \n<td style = \"background-color: rgb(252, 252, 252);height: 20px;vertical-align: baseline;\">\n<p>Tiếng Anh</p> </td> \n</tr>\n<tr><td rowspan=\"4\" style = \"    background-color: rgb(246, 246, 246);height: 20px;vertical-align: baseline;width: 150px !important;\">\n<p>Tính Năng</p></td>\n<td style = \"    background-color: rgb(252, 252, 252);height: 20px;vertical-align: baseline;\">\n<p>Chiếu sáng EL Light</p> </td> \n<td style = \"background-color: rgb(252, 252, 252);height: 20px;vertical-align: baseline;\">\n<p>hỗ trợ</p> </td> \n</tr>\n<tr>\n<td style = \"    background-color: rgb(252, 252, 252);height: 20px;vertical-align: baseline;\">\n<p>Chế độ giờ</p> </td> \n<td style = \"background-color: rgb(252, 252, 252);height: 20px;vertical-align: baseline;\">\n<p>Số điện tử</p> </td> \n</tr>\n<tr>\n<td style = \"    background-color: rgb(252, 252, 252);height: 20px;vertical-align: baseline;\">\n<p>Lịch ngày tháng</p> </td> \n<td style = \"background-color: rgb(252, 252, 252);height: 20px;vertical-align: baseline;\">\n<p>Hỗ trợ</p> </td> \n</tr>\n<tr>\n<td style = \"    background-color: rgb(252, 252, 252);height: 20px;vertical-align: baseline;\">\n<p>Bấm giờ thể thao</p> </td> \n<td style = \"background-color: rgb(252, 252, 252);height: 20px;vertical-align: baseline;\">\n<p>Hỗ trợ</p> </td> \n</tr>\n<tr>\n<td rowspan=\"4\" style = \"    background-color: rgb(246, 246, 246);height: 20px;vertical-align: baseline;width: 150px !important;\">\n<p>Kích thước</p></td>\n<td style = \"    background-color: rgb(252, 252, 252);height: 20px;vertical-align: baseline;\">\n<p>Đường kính</p> </td> \n<td style = \"background-color: rgb(252, 252, 252);height: 20px;vertical-align: baseline;\">\n<p>Men :Large 52mm – Woman: Small 46mm</p> </td> \n</tr>\n<tr>\n<td style = \"    background-color: rgb(252, 252, 252);height: 20px;vertical-align: baseline;\">\n<p>Độ dày</p> </td> \n<td style = \"background-color: rgb(252, 252, 252);height: 20px;vertical-align: baseline;\">\n<p>15mm</p> </td> \n</tr>\n<tr>\n<td style = \"    background-color: rgb(252, 252, 252);height: 20px;vertical-align: baseline;\">\n<p>Độ dài dây</p> </td> \n<td style = \"background-color: rgb(252, 252, 252);height: 20px;vertical-align: baseline;\">\n<p>250mm</p> </td> \n</tr>\n<tr>\n<td style = \"    background-color: rgb(252, 252, 252);height: 20px;vertical-align: baseline;\">\n<p>Chế độ bảo hành</p> </td> \n<td style = \"background-color: rgb(252, 252, 252);height: 20px;vertical-align: baseline;\">\n<p>12 tháng Skmei Việt Nam</p> </td> \n</tr>\n</table>', 17, 7, 530000, 0, '', 3, '2014-05-20', 0),
(11, 'Skmei Sk1844', 'dong-ho-skmei-1385-300x300.jpg', '', '<table border=\"0\" cellpadding=\"0\" cellspacing=\"0\" style=\"width:570px\">\n<tr><td rowspan=\"4\" style = \"    background-color: rgb(246, 246, 246);height: 20px;vertical-align: baseline;width: 150px !important;\">\n<p>Thông tin chung</p></td><td style = \"background-color: rgb(252, 252, 252);height: 20px;vertical-align: baseline;\">\n<p>Model</p> </td> <td style = \"background-color: rgb(252, 252, 252);height: 20px;vertical-align: baseline;\">\n<p>SK1844</p> </td> \n</tr>\n<tr><td style = \"    background-color: rgb(252, 252, 252);height: 20px;vertical-align: baseline;\"><p>Mã máy</p> </td> <td style = \"background-color: rgb(252, 252, 252);height: 20px;vertical-align: baseline;\">\n<p>SK1285/1287</p> </td> \n</tr>\n<tr>\n<td style = \"    background-color: rgb(252, 252, 252);height: 20px;vertical-align: baseline;\">\n<p>Xuất xử máy PIN</p> </td> \n<td style = \"background-color: rgb(252, 252, 252);height: 20px;vertical-align: baseline;\">\n<p>Japan</p> </td> \n</tr>\n<tr>\n<td style = \"    background-color: rgb(252, 252, 252);height: 20px;vertical-align: baseline;\">\n<p>Ngôn ngữ</p> </td> \n<td style = \"background-color: rgb(252, 252, 252);height: 20px;vertical-align: baseline;\">\n<p>Tiếng Anh</p> </td> \n</tr>\n<tr><td rowspan=\"4\" style = \"    background-color: rgb(246, 246, 246);height: 20px;vertical-align: baseline;width: 150px !important;\">\n<p>Tính Năng</p></td>\n<td style = \"    background-color: rgb(252, 252, 252);height: 20px;vertical-align: baseline;\">\n<p>Chiếu sáng EL Light</p> </td> \n<td style = \"background-color: rgb(252, 252, 252);height: 20px;vertical-align: baseline;\">\n<p>hỗ trợ</p> </td> \n</tr>\n<tr>\n<td style = \"    background-color: rgb(252, 252, 252);height: 20px;vertical-align: baseline;\">\n<p>Chế độ giờ</p> </td> \n<td style = \"background-color: rgb(252, 252, 252);height: 20px;vertical-align: baseline;\">\n<p>Số điện tử</p> </td> \n</tr>\n<tr>\n<td style = \"    background-color: rgb(252, 252, 252);height: 20px;vertical-align: baseline;\">\n<p>Lịch ngày tháng</p> </td> \n<td style = \"background-color: rgb(252, 252, 252);height: 20px;vertical-align: baseline;\">\n<p>Hỗ trợ</p> </td> \n</tr>\n<tr>\n<td style = \"    background-color: rgb(252, 252, 252);height: 20px;vertical-align: baseline;\">\n<p>Bấm giờ thể thao</p> </td> \n<td style = \"background-color: rgb(252, 252, 252);height: 20px;vertical-align: baseline;\">\n<p>Hỗ trợ</p> </td> \n</tr>\n<tr>\n<td rowspan=\"4\" style = \"    background-color: rgb(246, 246, 246);height: 20px;vertical-align: baseline;width: 150px !important;\">\n<p>Kích thước</p></td>\n<td style = \"    background-color: rgb(252, 252, 252);height: 20px;vertical-align: baseline;\">\n<p>Đường kính</p> </td> \n<td style = \"background-color: rgb(252, 252, 252);height: 20px;vertical-align: baseline;\">\n<p>Men :Large 52mm – Woman: Small 46mm</p> </td> \n</tr>\n<tr>\n<td style = \"    background-color: rgb(252, 252, 252);height: 20px;vertical-align: baseline;\">\n<p>Độ dày</p> </td> \n<td style = \"background-color: rgb(252, 252, 252);height: 20px;vertical-align: baseline;\">\n<p>15mm</p> </td> \n</tr>\n<tr>\n<td style = \"    background-color: rgb(252, 252, 252);height: 20px;vertical-align: baseline;\">\n<p>Độ dài dây</p> </td> \n<td style = \"background-color: rgb(252, 252, 252);height: 20px;vertical-align: baseline;\">\n<p>250mm</p> </td> \n</tr>\n<tr>\n<td style = \"    background-color: rgb(252, 252, 252);height: 20px;vertical-align: baseline;\">\n<p>Chế độ bảo hành</p> </td> \n<td style = \"background-color: rgb(252, 252, 252);height: 20px;vertical-align: baseline;\">\n<p>12 tháng Skmei Việt Nam</p> </td> \n</tr>\n</table>', 20, 2, 520000, 0, '', 3, '2014-05-20', 0),
(12, 'Skmei 1227', 'dong-ho-thong-minh-skmei-1227.jpg', '', '<table border=\"0\" cellpadding=\"0\" cellspacing=\"0\" style=\"width:570px\">\n<tr><td rowspan=\"4\" style = \"    background-color: rgb(246, 246, 246);height: 20px;vertical-align: baseline;width: 150px !important;\">\n<p>Thông tin chung</p></td>\n<td style = \"    background-color: rgb(252, 252, 252);height: 20px;vertical-align: baseline;\">\n<p>Model</p> </td> \n<td style = \"background-color: rgb(252, 252, 252);height: 20px;vertical-align: baseline;\">\n<p>SK1227</p> </td> \n</tr>\n<tr>\n<td style = \"    background-color: rgb(252, 252, 252);height: 20px;vertical-align: baseline;\">\n<p>Mã máy</p> </td> \n<td style = \"background-color: rgb(252, 252, 252);height: 20px;vertical-align: baseline;\">\n<p>SK1285/1287</p> </td> \n</tr>\n<tr>\n<td style = \"    background-color: rgb(252, 252, 252);height: 20px;vertical-align: baseline;\">\n<p>Xuất xử máy PIN</p> </td> \n<td style = \"background-color: rgb(252, 252, 252);height: 20px;vertical-align: baseline;\">\n<p>Japan</p> </td> \n</tr>\n<tr>\n<td style = \"    background-color: rgb(252, 252, 252);height: 20px;vertical-align: baseline;\">\n<p>Ngôn ngữ</p> </td> \n<td style = \"background-color: rgb(252, 252, 252);height: 20px;vertical-align: baseline;\">\n<p>Tiếng Anh</p> </td> \n</tr>\n<tr><td rowspan=\"4\" style = \"    background-color: rgb(246, 246, 246);height: 20px;vertical-align: baseline;width: 150px !important;\">\n<p>Tính Năng</p></td>\n<td style = \"    background-color: rgb(252, 252, 252);height: 20px;vertical-align: baseline;\">\n<p>Chiếu sáng EL Light</p> </td> \n<td style = \"background-color: rgb(252, 252, 252);height: 20px;vertical-align: baseline;\">\n<p>hỗ trợ</p> </td> \n</tr>\n<tr>\n<td style = \"    background-color: rgb(252, 252, 252);height: 20px;vertical-align: baseline;\">\n<p>Chế độ giờ</p> </td> \n<td style = \"background-color: rgb(252, 252, 252);height: 20px;vertical-align: baseline;\">\n<p>Số điện tử</p> </td> \n</tr>\n<tr>\n<td style = \"    background-color: rgb(252, 252, 252);height: 20px;vertical-align: baseline;\">\n<p>Lịch ngày tháng</p> </td> \n<td style = \"background-color: rgb(252, 252, 252);height: 20px;vertical-align: baseline;\">\n<p>Hỗ trợ</p> </td> \n</tr>\n<tr>\n<td style = \"    background-color: rgb(252, 252, 252);height: 20px;vertical-align: baseline;\">\n<p>Bấm giờ thể thao</p> </td> \n<td style = \"background-color: rgb(252, 252, 252);height: 20px;vertical-align: baseline;\">\n<p>Hỗ trợ</p> </td> \n</tr>\n<tr>\n<td rowspan=\"4\" style = \"    background-color: rgb(246, 246, 246);height: 20px;vertical-align: baseline;width: 150px !important;\">\n<p>Kích thước</p></td>\n<td style = \"    background-color: rgb(252, 252, 252);height: 20px;vertical-align: baseline;\">\n<p>Đường kính</p> </td> \n<td style = \"background-color: rgb(252, 252, 252);height: 20px;vertical-align: baseline;\">\n<p>Men :Large 52mm – Woman: Small 46mm</p> </td> \n</tr>\n<tr>\n<td style = \"    background-color: rgb(252, 252, 252);height: 20px;vertical-align: baseline;\">\n<p>Độ dày</p> </td> \n<td style = \"background-color: rgb(252, 252, 252);height: 20px;vertical-align: baseline;\">\n<p>15mm</p> </td> \n</tr>\n<tr>\n<td style = \"    background-color: rgb(252, 252, 252);height: 20px;vertical-align: baseline;\">\n<p>Độ dài dây</p> </td> \n<td style = \"background-color: rgb(252, 252, 252);height: 20px;vertical-align: baseline;\">\n<p>250mm</p> </td> \n</tr>\n<tr>\n<td style = \"    background-color: rgb(252, 252, 252);height: 20px;vertical-align: baseline;\">\n<p>Chế độ bảo hành</p> </td> \n<td style = \"background-color: rgb(252, 252, 252);height: 20px;vertical-align: baseline;\">\n<p>12 tháng Skmei Việt Nam</p> </td> \n</tr>\n</table>', 20, 1, 499000, 0, '', 3, '2014-05-20', 0),
(13, 'Skmei SK1849', 'dong-ho-thong-minh-skmei-1255.jpg', '', '<table border=\"0\" cellpadding=\"0\" cellspacing=\"0\" style=\"width:570px\">\n<tr><td rowspan=\"4\" style = \"    background-color: rgb(246, 246, 246);height: 20px;vertical-align: baseline;width: 150px !important;\">\n<p>Thông tin chung</p></td>\n<td style = \"    background-color: rgb(252, 252, 252);height: 20px;vertical-align: baseline;\">\n<p>Model</p> </td> \n<td style = \"background-color: rgb(252, 252, 252);height: 20px;vertical-align: baseline;\">\n<p>SK1849</p> </td> \n</tr>\n<tr>\n<td style = \"    background-color: rgb(252, 252, 252);height: 20px;vertical-align: baseline;\">\n<p>Mã máy</p> </td> \n<td style = \"background-color: rgb(252, 252, 252);height: 20px;vertical-align: baseline;\">\n<p>SK1285/1287</p> </td> \n</tr>\n<tr>\n<td style = \"    background-color: rgb(252, 252, 252);height: 20px;vertical-align: baseline;\">\n<p>Xuất xử máy PIN</p> </td> \n<td style = \"background-color: rgb(252, 252, 252);height: 20px;vertical-align: baseline;\">\n<p>Japan</p> </td> \n</tr>\n<tr>\n<td style = \"    background-color: rgb(252, 252, 252);height: 20px;vertical-align: baseline;\">\n<p>Ngôn ngữ</p> </td> \n<td style = \"background-color: rgb(252, 252, 252);height: 20px;vertical-align: baseline;\">\n<p>Tiếng Anh</p> </td> \n</tr>\n<tr><td rowspan=\"4\" style = \"    background-color: rgb(246, 246, 246);height: 20px;vertical-align: baseline;width: 150px !important;\">\n<p>Tính Năng</p></td>\n<td style = \"    background-color: rgb(252, 252, 252);height: 20px;vertical-align: baseline;\">\n<p>Chiếu sáng EL Light</p> </td> \n<td style = \"background-color: rgb(252, 252, 252);height: 20px;vertical-align: baseline;\">\n<p>hỗ trợ</p> </td> \n</tr>\n<tr>\n<td style = \"    background-color: rgb(252, 252, 252);height: 20px;vertical-align: baseline;\">\n<p>Chế độ giờ</p> </td> \n<td style = \"background-color: rgb(252, 252, 252);height: 20px;vertical-align: baseline;\">\n<p>Số điện tử</p> </td> \n</tr>\n<tr>\n<td style = \"    background-color: rgb(252, 252, 252);height: 20px;vertical-align: baseline;\">\n<p>Lịch ngày tháng</p> </td> \n<td style = \"background-color: rgb(252, 252, 252);height: 20px;vertical-align: baseline;\">\n<p>Hỗ trợ</p> </td> \n</tr>\n<tr>\n<td style = \"    background-color: rgb(252, 252, 252);height: 20px;vertical-align: baseline;\">\n<p>Bấm giờ thể thao</p> </td> \n<td style = \"background-color: rgb(252, 252, 252);height: 20px;vertical-align: baseline;\">\n<p>Hỗ trợ</p> </td> \n</tr>\n<tr>\n<td rowspan=\"4\" style = \"    background-color: rgb(246, 246, 246);height: 20px;vertical-align: baseline;width: 150px !important;\">\n<p>Kích thước</p></td>\n<td style = \"    background-color: rgb(252, 252, 252);height: 20px;vertical-align: baseline;\">\n<p>Đường kính</p> </td> \n<td style = \"background-color: rgb(252, 252, 252);height: 20px;vertical-align: baseline;\">\n<p>Men :Large 52mm – Woman: Small 46mm</p> </td> \n</tr>\n<tr>\n<td style = \"    background-color: rgb(252, 252, 252);height: 20px;vertical-align: baseline;\">\n<p>Độ dày</p> </td> \n<td style = \"background-color: rgb(252, 252, 252);height: 20px;vertical-align: baseline;\">\n<p>15mm</p> </td> \n</tr>\n<tr>\n<td style = \"    background-color: rgb(252, 252, 252);height: 20px;vertical-align: baseline;\">\n<p>Độ dài dây</p> </td> \n<td style = \"background-color: rgb(252, 252, 252);height: 20px;vertical-align: baseline;\">\n<p>250mm</p> </td> \n</tr>\n<tr>\n<td style = \"    background-color: rgb(252, 252, 252);height: 20px;vertical-align: baseline;\">\n<p>Chế độ bảo hành</p> </td> \n<td style = \"background-color: rgb(252, 252, 252);height: 20px;vertical-align: baseline;\">\n<p>12 tháng Skmei Việt Nam</p> </td> \n</tr>\n</table>', 20, 0, 500000, 0, '', 3, '2014-05-20', 0),
(14, 'freesize IW008', 'carnival-iw008-214-24_4804-1.jpg', '', '<table border=\"0\" cellpadding=\"0\" cellspacing=\"0\" style=\"width:570px\">\n<tr><td rowspan=\"9\" style = \"    background-color: rgb(246, 246, 246);height: 20px;vertical-align: baseline;width: 150px !important;\">\n<p>Thông tin chung</p></td>\n<td style = \"    background-color: rgb(252, 252, 252);height: 20px;vertical-align: baseline;\">\n<p>Thương hiệu :</p> </td> \n<td style = \"background-color: rgb(252, 252, 252);height: 20px;vertical-align: baseline;\">\n<p>CARNIVAL</p> </td> \n</tr>\n<tr>\n<td style = \"    background-color: rgb(252, 252, 252);height: 20px;vertical-align: baseline;\">\n<p>Loại máy :</p> </td> \n<td style = \"background-color: rgb(252, 252, 252);height: 20px;vertical-align: baseline;\">\n<p>Quartz(chạy pin)</p> </td> \n</tr>\n<tr>\n<td style = \"    background-color: rgb(252, 252, 252);height: 20px;vertical-align: baseline;\">\n<p>Kiểu dáng</p> </td> \n<td style = \"background-color: rgb(252, 252, 252);height: 20px;vertical-align: baseline;\">\n<p>Nam</p> </td> \n</tr>\n<tr>\n<td style = \"    background-color: rgb(252, 252, 252);height: 20px;vertical-align: baseline;\">\n<p>Mặt kính</p> </td> \n<td style = \"background-color: rgb(252, 252, 252);height: 20px;vertical-align: baseline;\">\n<p>Sapphire</p> </td> \n</tr>\n<tr>\n<td style = \"    background-color: rgb(252, 252, 252);height: 20px;vertical-align: baseline;\">\n<p>Vỏ</p> </td> \n<td style = \"background-color: rgb(252, 252, 252);height: 20px;vertical-align: baseline;\">\n<p>Thép không gỉ</p> </td> \n</tr>\n<tr>\n<td style = \"    background-color: rgb(252, 252, 252);height: 20px;vertical-align: baseline;\">\n<p>Đường kính</p> </td> \n<td style = \"background-color: rgb(252, 252, 252);height: 20px;vertical-align: baseline;\">\n<p>36mmX36MM</p> </td> \n</tr>\n<tr>\n<td style = \"    background-color: rgb(252, 252, 252);height: 20px;vertical-align: baseline;\">\n<p>Độ dày</p> </td> \n<td style = \"background-color: rgb(252, 252, 252);height: 20px;vertical-align: baseline;\">\n<p>6mm</p> </td> \n</tr>\n<tr>\n<td style = \"    background-color: rgb(252, 252, 252);height: 20px;vertical-align: baseline;\">\n<p>Độ chịu nước</p> </td> \n<td style = \"background-color: rgb(252, 252, 252);height: 20px;vertical-align: baseline;\">\n<p>3 ATM</p> </td> \n<tr>\n<td style = \"    background-color: rgb(252, 252, 252);height: 20px;vertical-align: baseline;\">\n<p>Bảo hành</p> </td> \n<td style = \"background-color: rgb(252, 252, 252);height: 20px;vertical-align: baseline;\">\n<p>2 năm</p> </td> \n</tr>\n</tr>\n</table>', 20, 0, 3000000, 0, '', 4, '2014-05-20', 0),
(15, 'Đồng hồ nam G17502', 'g17502-201-332_4729.jpg', '', '<table border=\"0\" cellpadding=\"0\" cellspacing=\"0\" style=\"width:570px\">\n<tr><td rowspan=\"9\" style = \"    background-color: rgb(246, 246, 246);height: 20px;vertical-align: baseline;width: 150px !important;\">\n<p>Thông tin chung</p></td>\n<td style = \"    background-color: rgb(252, 252, 252);height: 20px;vertical-align: baseline;\">\n<p>Thương hiệu :</p> </td> \n<td style = \"background-color: rgb(252, 252, 252);height: 20px;vertical-align: baseline;\">\n<p>CARNIVAL</p> </td> \n</tr>\n<tr>\n<td style = \"    background-color: rgb(252, 252, 252);height: 20px;vertical-align: baseline;\">\n<p>Loại máy :</p> </td> \n<td style = \"background-color: rgb(252, 252, 252);height: 20px;vertical-align: baseline;\">\n<p>Quartz(chạy pin)</p> </td> \n</tr>\n<tr>\n<td style = \"    background-color: rgb(252, 252, 252);height: 20px;vertical-align: baseline;\">\n<p>Kiểu dáng</p> </td> \n<td style = \"background-color: rgb(252, 252, 252);height: 20px;vertical-align: baseline;\">\n<p>Nam</p> </td> \n</tr>\n<tr>\n<td style = \"    background-color: rgb(252, 252, 252);height: 20px;vertical-align: baseline;\">\n<p>Mặt kính</p> </td> \n<td style = \"background-color: rgb(252, 252, 252);height: 20px;vertical-align: baseline;\">\n<p>Sapphire</p> </td> \n</tr>\n<tr>\n<td style = \"    background-color: rgb(252, 252, 252);height: 20px;vertical-align: baseline;\">\n<p>Vỏ</p> </td> \n<td style = \"background-color: rgb(252, 252, 252);height: 20px;vertical-align: baseline;\">\n<p>Thép không gỉ</p> </td> \n</tr>\n<tr>\n<td style = \"    background-color: rgb(252, 252, 252);height: 20px;vertical-align: baseline;\">\n<p>Đường kính</p> </td> \n<td style = \"background-color: rgb(252, 252, 252);height: 20px;vertical-align: baseline;\">\n<p>36mmX36MM</p> </td> \n</tr>\n<tr>\n<td style = \"    background-color: rgb(252, 252, 252);height: 20px;vertical-align: baseline;\">\n<p>Độ dày</p> </td> \n<td style = \"background-color: rgb(252, 252, 252);height: 20px;vertical-align: baseline;\">\n<p>6mm</p> </td> \n</tr>\n<tr>\n<td style = \"    background-color: rgb(252, 252, 252);height: 20px;vertical-align: baseline;\">\n<p>Độ chịu nước</p> </td> \n<td style = \"background-color: rgb(252, 252, 252);height: 20px;vertical-align: baseline;\">\n<p>3 ATM</p> </td> \n<tr>\n<td style = \"    background-color: rgb(252, 252, 252);height: 20px;vertical-align: baseline;\">\n<p>Bảo hành</p> </td> \n<td style = \"background-color: rgb(252, 252, 252);height: 20px;vertical-align: baseline;\">\n<p>2 năm</p> </td> \n</tr>\n</tr>\n</table>', 20, 0, 2400000, 0, '', 4, '2014-05-20', 0),
(16, 'Đồng hồ nam G18301', 'g18301-201-011_4753.jpg', '', '<table border=\"0\" cellpadding=\"0\" cellspacing=\"0\" style=\"width:570px\">\n<tr><td rowspan=\"9\" style = \"    background-color: rgb(246, 246, 246);height: 20px;vertical-align: baseline;width: 150px !important;\">\n<p>Thông tin chung</p></td>\n<td style = \"    background-color: rgb(252, 252, 252);height: 20px;vertical-align: baseline;\">\n<p>Thương hiệu :</p> </td> \n<td style = \"background-color: rgb(252, 252, 252);height: 20px;vertical-align: baseline;\">\n<p>CARNIVAL</p> </td> \n</tr>\n<tr>\n<td style = \"    background-color: rgb(252, 252, 252);height: 20px;vertical-align: baseline;\">\n<p>Loại máy :</p> </td> \n<td style = \"background-color: rgb(252, 252, 252);height: 20px;vertical-align: baseline;\">\n<p>Quartz(chạy pin)</p> </td> \n</tr>\n<tr>\n<td style = \"    background-color: rgb(252, 252, 252);height: 20px;vertical-align: baseline;\">\n<p>Kiểu dáng</p> </td> \n<td style = \"background-color: rgb(252, 252, 252);height: 20px;vertical-align: baseline;\">\n<p>Nam</p> </td> \n</tr>\n<tr>\n<td style = \"    background-color: rgb(252, 252, 252);height: 20px;vertical-align: baseline;\">\n<p>Mặt kính</p> </td> \n<td style = \"background-color: rgb(252, 252, 252);height: 20px;vertical-align: baseline;\">\n<p>Sapphire</p> </td> \n</tr>\n<tr>\n<td style = \"    background-color: rgb(252, 252, 252);height: 20px;vertical-align: baseline;\">\n<p>Vỏ</p> </td> \n<td style = \"background-color: rgb(252, 252, 252);height: 20px;vertical-align: baseline;\">\n<p>Thép không gỉ</p> </td> \n</tr>\n<tr>\n<td style = \"    background-color: rgb(252, 252, 252);height: 20px;vertical-align: baseline;\">\n<p>Đường kính</p> </td> \n<td style = \"background-color: rgb(252, 252, 252);height: 20px;vertical-align: baseline;\">\n<p>36mmX36MM</p> </td> \n</tr>\n<tr>\n<td style = \"    background-color: rgb(252, 252, 252);height: 20px;vertical-align: baseline;\">\n<p>Độ dày</p> </td> \n<td style = \"background-color: rgb(252, 252, 252);height: 20px;vertical-align: baseline;\">\n<p>6mm</p> </td> \n</tr>\n<tr>\n<td style = \"    background-color: rgb(252, 252, 252);height: 20px;vertical-align: baseline;\">\n<p>Độ chịu nước</p> </td> \n<td style = \"background-color: rgb(252, 252, 252);height: 20px;vertical-align: baseline;\">\n<p>3 ATM</p> </td> \n<tr>\n<td style = \"    background-color: rgb(252, 252, 252);height: 20px;vertical-align: baseline;\">\n<p>Bảo hành</p> </td> \n<td style = \"background-color: rgb(252, 252, 252);height: 20px;vertical-align: baseline;\">\n<p>2 năm</p> </td> \n</tr>\n</tr>\n</table>', 20, 0, 3000000, 0, '', 4, '2014-05-20', 0),
(18, 'Đồng hồ nam G18305', 'g18305-201-011_4759.jpg', '', '<table border=\"0\" cellpadding=\"0\" cellspacing=\"0\" style=\"width:570px\">\n<tr><td rowspan=\"9\" style = \"    background-color: rgb(246, 246, 246);height: 20px;vertical-align: baseline;width: 150px !important;\">\n<p>Thông tin chung</p></td>\n<td style = \"    background-color: rgb(252, 252, 252);height: 20px;vertical-align: baseline;\">\n<p>Thương hiệu :</p> </td> \n<td style = \"background-color: rgb(252, 252, 252);height: 20px;vertical-align: baseline;\">\n<p>CARNIVAL</p> </td> \n</tr>\n<tr>\n<td style = \"    background-color: rgb(252, 252, 252);height: 20px;vertical-align: baseline;\">\n<p>Loại máy :</p> </td> \n<td style = \"background-color: rgb(252, 252, 252);height: 20px;vertical-align: baseline;\">\n<p>Quartz(chạy pin)</p> </td> \n</tr>\n<tr>\n<td style = \"    background-color: rgb(252, 252, 252);height: 20px;vertical-align: baseline;\">\n<p>Kiểu dáng</p> </td> \n<td style = \"background-color: rgb(252, 252, 252);height: 20px;vertical-align: baseline;\">\n<p>Nam</p> </td> \n</tr>\n<tr>\n<td style = \"    background-color: rgb(252, 252, 252);height: 20px;vertical-align: baseline;\">\n<p>Mặt kính</p> </td> \n<td style = \"background-color: rgb(252, 252, 252);height: 20px;vertical-align: baseline;\">\n<p>Sapphire</p> </td> \n</tr>\n<tr>\n<td style = \"    background-color: rgb(252, 252, 252);height: 20px;vertical-align: baseline;\">\n<p>Vỏ</p> </td> \n<td style = \"background-color: rgb(252, 252, 252);height: 20px;vertical-align: baseline;\">\n<p>Thép không gỉ</p> </td> \n</tr>\n<tr>\n<td style = \"    background-color: rgb(252, 252, 252);height: 20px;vertical-align: baseline;\">\n<p>Đường kính</p> </td> \n<td style = \"background-color: rgb(252, 252, 252);height: 20px;vertical-align: baseline;\">\n<p>36mmX36MM</p> </td> \n</tr>\n<tr>\n<td style = \"    background-color: rgb(252, 252, 252);height: 20px;vertical-align: baseline;\">\n<p>Độ dày</p> </td> \n<td style = \"background-color: rgb(252, 252, 252);height: 20px;vertical-align: baseline;\">\n<p>6mm</p> </td> \n</tr>\n<tr>\n<td style = \"    background-color: rgb(252, 252, 252);height: 20px;vertical-align: baseline;\">\n<p>Độ chịu nước</p> </td> \n<td style = \"background-color: rgb(252, 252, 252);height: 20px;vertical-align: baseline;\">\n<p>3 ATM</p> </td> \n<tr>\n<td style = \"    background-color: rgb(252, 252, 252);height: 20px;vertical-align: baseline;\">\n<p>Bảo hành</p> </td> \n<td style = \"background-color: rgb(252, 252, 252);height: 20px;vertical-align: baseline;\">\n<p>2 năm</p> </td> \n</tr>\n</tr>\n</table>', 20, 0, 2400000, 0, '', 4, '2014-05-20', 0),
(19, 'Đồng hồ nam G20501', 'g20501-201-616_4484.jpg', '', '<table border=\"0\" cellpadding=\"0\" cellspacing=\"0\" style=\"width:570px\">\n<tr><td rowspan=\"9\" style = \"    background-color: rgb(246, 246, 246);height: 20px;vertical-align: baseline;width: 150px !important;\">\n<p>Thông tin chung</p></td>\n<td style = \"    background-color: rgb(252, 252, 252);height: 20px;vertical-align: baseline;\">\n<p>Thương hiệu :</p> </td> \n<td style = \"background-color: rgb(252, 252, 252);height: 20px;vertical-align: baseline;\">\n<p>CARNIVAL</p> </td> \n</tr>\n<tr>\n<td style = \"    background-color: rgb(252, 252, 252);height: 20px;vertical-align: baseline;\">\n<p>Loại máy :</p> </td> \n<td style = \"background-color: rgb(252, 252, 252);height: 20px;vertical-align: baseline;\">\n<p>Quartz(chạy pin)</p> </td> \n</tr>\n<tr>\n<td style = \"    background-color: rgb(252, 252, 252);height: 20px;vertical-align: baseline;\">\n<p>Kiểu dáng</p> </td> \n<td style = \"background-color: rgb(252, 252, 252);height: 20px;vertical-align: baseline;\">\n<p>Nam</p> </td> \n</tr>\n<tr>\n<td style = \"    background-color: rgb(252, 252, 252);height: 20px;vertical-align: baseline;\">\n<p>Mặt kính</p> </td> \n<td style = \"background-color: rgb(252, 252, 252);height: 20px;vertical-align: baseline;\">\n<p>Sapphire</p> </td> \n</tr>\n<tr>\n<td style = \"    background-color: rgb(252, 252, 252);height: 20px;vertical-align: baseline;\">\n<p>Vỏ</p> </td> \n<td style = \"background-color: rgb(252, 252, 252);height: 20px;vertical-align: baseline;\">\n<p>Thép không gỉ</p> </td> \n</tr>\n<tr>\n<td style = \"    background-color: rgb(252, 252, 252);height: 20px;vertical-align: baseline;\">\n<p>Đường kính</p> </td> \n<td style = \"background-color: rgb(252, 252, 252);height: 20px;vertical-align: baseline;\">\n<p>36mmX36MM</p> </td> \n</tr>\n<tr>\n<td style = \"    background-color: rgb(252, 252, 252);height: 20px;vertical-align: baseline;\">\n<p>Độ dày</p> </td> \n<td style = \"background-color: rgb(252, 252, 252);height: 20px;vertical-align: baseline;\">\n<p>6mm</p> </td> \n</tr>\n<tr>\n<td style = \"    background-color: rgb(252, 252, 252);height: 20px;vertical-align: baseline;\">\n<p>Độ chịu nước</p> </td> \n<td style = \"background-color: rgb(252, 252, 252);height: 20px;vertical-align: baseline;\">\n<p>3 ATM</p> </td> \n<tr>\n<td style = \"    background-color: rgb(252, 252, 252);height: 20px;vertical-align: baseline;\">\n<p>Bảo hành</p> </td> \n<td style = \"background-color: rgb(252, 252, 252);height: 20px;vertical-align: baseline;\">\n<p>2 năm</p> </td> \n</tr>\n</tr>\n</table>', 20, 0, 3400000, 0, '', 4, '2014-05-20', 0),
(20, 'Đồng hồ nam G36501', 'g36501-202-616_4439.jpg', '', '<table border=\"0\" cellpadding=\"0\" cellspacing=\"0\" style=\"width:570px\">\n<tr><td rowspan=\"9\" style = \"    background-color: rgb(246, 246, 246);height: 20px;vertical-align: baseline;width: 150px !important;\">\n<p>Thông tin chung</p></td>\n<td style = \"    background-color: rgb(252, 252, 252);height: 20px;vertical-align: baseline;\">\n<p>Thương hiệu :</p> </td> \n<td style = \"background-color: rgb(252, 252, 252);height: 20px;vertical-align: baseline;\">\n<p>CARNIVAL</p> </td> \n</tr>\n<tr>\n<td style = \"    background-color: rgb(252, 252, 252);height: 20px;vertical-align: baseline;\">\n<p>Loại máy :</p> </td> \n<td style = \"background-color: rgb(252, 252, 252);height: 20px;vertical-align: baseline;\">\n<p>Quartz(chạy pin)</p> </td> \n</tr>\n<tr>\n<td style = \"    background-color: rgb(252, 252, 252);height: 20px;vertical-align: baseline;\">\n<p>Kiểu dáng</p> </td> \n<td style = \"background-color: rgb(252, 252, 252);height: 20px;vertical-align: baseline;\">\n<p>Nam</p> </td> \n</tr>\n<tr>\n<td style = \"    background-color: rgb(252, 252, 252);height: 20px;vertical-align: baseline;\">\n<p>Mặt kính</p> </td> \n<td style = \"background-color: rgb(252, 252, 252);height: 20px;vertical-align: baseline;\">\n<p>Sapphire</p> </td> \n</tr>\n<tr>\n<td style = \"    background-color: rgb(252, 252, 252);height: 20px;vertical-align: baseline;\">\n<p>Vỏ</p> </td> \n<td style = \"background-color: rgb(252, 252, 252);height: 20px;vertical-align: baseline;\">\n<p>Thép không gỉ</p> </td> \n</tr>\n<tr>\n<td style = \"    background-color: rgb(252, 252, 252);height: 20px;vertical-align: baseline;\">\n<p>Đường kính</p> </td> \n<td style = \"background-color: rgb(252, 252, 252);height: 20px;vertical-align: baseline;\">\n<p>36mmX36MM</p> </td> \n</tr>\n<tr>\n<td style = \"    background-color: rgb(252, 252, 252);height: 20px;vertical-align: baseline;\">\n<p>Độ dày</p> </td> \n<td style = \"background-color: rgb(252, 252, 252);height: 20px;vertical-align: baseline;\">\n<p>6mm</p> </td> \n</tr>\n<tr>\n<td style = \"    background-color: rgb(252, 252, 252);height: 20px;vertical-align: baseline;\">\n<p>Độ chịu nước</p> </td> \n<td style = \"background-color: rgb(252, 252, 252);height: 20px;vertical-align: baseline;\">\n<p>3 ATM</p> </td> \n<tr>\n<td style = \"    background-color: rgb(252, 252, 252);height: 20px;vertical-align: baseline;\">\n<p>Bảo hành</p> </td> \n<td style = \"background-color: rgb(252, 252, 252);height: 20px;vertical-align: baseline;\">\n<p>2 năm</p> </td> \n</tr>\n</tr>\n</table>', 20, 0, 1800000, 0, '', 4, '2014-05-20', 0),
(21, 'Đồng hồ nam G36502', 'g36502-202-616_4443.jpg', '', '<table border=\"0\" cellpadding=\"0\" cellspacing=\"0\" style=\"width:570px\">\n<tr><td rowspan=\"9\" style = \"    background-color: rgb(246, 246, 246);height: 20px;vertical-align: baseline;width: 150px !important;\">\n<p>Thông tin chung</p></td>\n<td style = \"    background-color: rgb(252, 252, 252);height: 20px;vertical-align: baseline;\">\n<p>Thương hiệu :</p> </td> \n<td style = \"background-color: rgb(252, 252, 252);height: 20px;vertical-align: baseline;\">\n<p>CARNIVAL</p> </td> \n</tr>\n<tr>\n<td style = \"    background-color: rgb(252, 252, 252);height: 20px;vertical-align: baseline;\">\n<p>Loại máy :</p> </td> \n<td style = \"background-color: rgb(252, 252, 252);height: 20px;vertical-align: baseline;\">\n<p>Quartz(chạy pin)</p> </td> \n</tr>\n<tr>\n<td style = \"    background-color: rgb(252, 252, 252);height: 20px;vertical-align: baseline;\">\n<p>Kiểu dáng</p> </td> \n<td style = \"background-color: rgb(252, 252, 252);height: 20px;vertical-align: baseline;\">\n<p>Nam</p> </td> \n</tr>\n<tr>\n<td style = \"    background-color: rgb(252, 252, 252);height: 20px;vertical-align: baseline;\">\n<p>Mặt kính</p> </td> \n<td style = \"background-color: rgb(252, 252, 252);height: 20px;vertical-align: baseline;\">\n<p>Sapphire</p> </td> \n</tr>\n<tr>\n<td style = \"    background-color: rgb(252, 252, 252);height: 20px;vertical-align: baseline;\">\n<p>Vỏ</p> </td> \n<td style = \"background-color: rgb(252, 252, 252);height: 20px;vertical-align: baseline;\">\n<p>Thép không gỉ</p> </td> \n</tr>\n<tr>\n<td style = \"    background-color: rgb(252, 252, 252);height: 20px;vertical-align: baseline;\">\n<p>Đường kính</p> </td> \n<td style = \"background-color: rgb(252, 252, 252);height: 20px;vertical-align: baseline;\">\n<p>36mmX36MM</p> </td> \n</tr>\n<tr>\n<td style = \"    background-color: rgb(252, 252, 252);height: 20px;vertical-align: baseline;\">\n<p>Độ dày</p> </td> \n<td style = \"background-color: rgb(252, 252, 252);height: 20px;vertical-align: baseline;\">\n<p>6mm</p> </td> \n</tr>\n<tr>\n<td style = \"    background-color: rgb(252, 252, 252);height: 20px;vertical-align: baseline;\">\n<p>Độ chịu nước</p> </td> \n<td style = \"background-color: rgb(252, 252, 252);height: 20px;vertical-align: baseline;\">\n<p>3 ATM</p> </td> \n<tr>\n<td style = \"    background-color: rgb(252, 252, 252);height: 20px;vertical-align: baseline;\">\n<p>Bảo hành</p> </td> \n<td style = \"background-color: rgb(252, 252, 252);height: 20px;vertical-align: baseline;\">\n<p>2 năm</p> </td> \n</tr>\n</tr>\n</table>', 20, 0, 1800000, 0, '', 4, '2014-05-20', 0),
(22, 'Đồng hồ nam G36503', 'g36503-202-011_4447.jpg', '', '<table border=\"0\" cellpadding=\"0\" cellspacing=\"0\" style=\"width:570px\">\n<tr><td rowspan=\"9\" style = \"    background-color: rgb(246, 246, 246);height: 20px;vertical-align: baseline;width: 150px !important;\">\n<p>Thông tin chung</p></td>\n<td style = \"    background-color: rgb(252, 252, 252);height: 20px;vertical-align: baseline;\">\n<p>Thương hiệu :</p> </td> \n<td style = \"background-color: rgb(252, 252, 252);height: 20px;vertical-align: baseline;\">\n<p>CARNIVAL</p> </td> \n</tr>\n<tr>\n<td style = \"    background-color: rgb(252, 252, 252);height: 20px;vertical-align: baseline;\">\n<p>Loại máy :</p> </td> \n<td style = \"background-color: rgb(252, 252, 252);height: 20px;vertical-align: baseline;\">\n<p>Quartz(chạy pin)</p> </td> \n</tr>\n<tr>\n<td style = \"    background-color: rgb(252, 252, 252);height: 20px;vertical-align: baseline;\">\n<p>Kiểu dáng</p> </td> \n<td style = \"background-color: rgb(252, 252, 252);height: 20px;vertical-align: baseline;\">\n<p>Nam</p> </td> \n</tr>\n<tr>\n<td style = \"    background-color: rgb(252, 252, 252);height: 20px;vertical-align: baseline;\">\n<p>Mặt kính</p> </td> \n<td style = \"background-color: rgb(252, 252, 252);height: 20px;vertical-align: baseline;\">\n<p>Sapphire</p> </td> \n</tr>\n<tr>\n<td style = \"    background-color: rgb(252, 252, 252);height: 20px;vertical-align: baseline;\">\n<p>Vỏ</p> </td> \n<td style = \"background-color: rgb(252, 252, 252);height: 20px;vertical-align: baseline;\">\n<p>Thép không gỉ</p> </td> \n</tr>\n<tr>\n<td style = \"    background-color: rgb(252, 252, 252);height: 20px;vertical-align: baseline;\">\n<p>Đường kính</p> </td> \n<td style = \"background-color: rgb(252, 252, 252);height: 20px;vertical-align: baseline;\">\n<p>36mmX36MM</p> </td> \n</tr>\n<tr>\n<td style = \"    background-color: rgb(252, 252, 252);height: 20px;vertical-align: baseline;\">\n<p>Độ dày</p> </td> \n<td style = \"background-color: rgb(252, 252, 252);height: 20px;vertical-align: baseline;\">\n<p>6mm</p> </td> \n</tr>\n<tr>\n<td style = \"    background-color: rgb(252, 252, 252);height: 20px;vertical-align: baseline;\">\n<p>Độ chịu nước</p> </td> \n<td style = \"background-color: rgb(252, 252, 252);height: 20px;vertical-align: baseline;\">\n<p>3 ATM</p> </td> \n<tr>\n<td style = \"    background-color: rgb(252, 252, 252);height: 20px;vertical-align: baseline;\">\n<p>Bảo hành</p> </td> \n<td style = \"background-color: rgb(252, 252, 252);height: 20px;vertical-align: baseline;\">\n<p>2 năm</p> </td> \n</tr>\n</tr>\n</table>', 20, 0, 1800000, 0, '', 4, '2014-05-20', 0),
(23, 'Đồng hồ nam G50201', 'carnival-g50201-201-011_4593.jpg', '', '<table border=\"0\" cellpadding=\"0\" cellspacing=\"0\" style=\"width:570px\">\n<tr><td rowspan=\"9\" style = \"    background-color: rgb(246, 246, 246);height: 20px;vertical-align: baseline;width: 150px !important;\">\n<p>Thông tin chung</p></td>\n<td style = \"    background-color: rgb(252, 252, 252);height: 20px;vertical-align: baseline;\">\n<p>Thương hiệu :</p> </td> \n<td style = \"background-color: rgb(252, 252, 252);height: 20px;vertical-align: baseline;\">\n<p>CARNIVAL</p> </td> \n</tr>\n<tr>\n<td style = \"    background-color: rgb(252, 252, 252);height: 20px;vertical-align: baseline;\">\n<p>Loại máy :</p> </td> \n<td style = \"background-color: rgb(252, 252, 252);height: 20px;vertical-align: baseline;\">\n<p>Quartz(chạy pin)</p> </td> \n</tr>\n<tr>\n<td style = \"    background-color: rgb(252, 252, 252);height: 20px;vertical-align: baseline;\">\n<p>Kiểu dáng</p> </td> \n<td style = \"background-color: rgb(252, 252, 252);height: 20px;vertical-align: baseline;\">\n<p>Nam</p> </td> \n</tr>\n<tr>\n<td style = \"    background-color: rgb(252, 252, 252);height: 20px;vertical-align: baseline;\">\n<p>Mặt kính</p> </td> \n<td style = \"background-color: rgb(252, 252, 252);height: 20px;vertical-align: baseline;\">\n<p>Sapphire</p> </td> \n</tr>\n<tr>\n<td style = \"    background-color: rgb(252, 252, 252);height: 20px;vertical-align: baseline;\">\n<p>Vỏ</p> </td> \n<td style = \"background-color: rgb(252, 252, 252);height: 20px;vertical-align: baseline;\">\n<p>Thép không gỉ</p> </td> \n</tr>\n<tr>\n<td style = \"    background-color: rgb(252, 252, 252);height: 20px;vertical-align: baseline;\">\n<p>Đường kính</p> </td> \n<td style = \"background-color: rgb(252, 252, 252);height: 20px;vertical-align: baseline;\">\n<p>36mmX36MM</p> </td> \n</tr>\n<tr>\n<td style = \"    background-color: rgb(252, 252, 252);height: 20px;vertical-align: baseline;\">\n<p>Độ dày</p> </td> \n<td style = \"background-color: rgb(252, 252, 252);height: 20px;vertical-align: baseline;\">\n<p>6mm</p> </td> \n</tr>\n<tr>\n<td style = \"    background-color: rgb(252, 252, 252);height: 20px;vertical-align: baseline;\">\n<p>Độ chịu nước</p> </td> \n<td style = \"background-color: rgb(252, 252, 252);height: 20px;vertical-align: baseline;\">\n<p>3 ATM</p> </td> \n<tr>\n<td style = \"    background-color: rgb(252, 252, 252);height: 20px;vertical-align: baseline;\">\n<p>Bảo hành</p> </td> \n<td style = \"background-color: rgb(252, 252, 252);height: 20px;vertical-align: baseline;\">\n<p>2 năm</p> </td> \n</tr>\n</tr>\n</table>', 20, 0, 3400000, 0, '', 4, '2014-05-20', 0),
(24, 'Đồng hồ nam G50202', 'carnival-g50202-202-616_4520.jpg', '', '<table border=\"0\" cellpadding=\"0\" cellspacing=\"0\" style=\"width:570px\">\n<tr><td rowspan=\"9\" style = \"    background-color: rgb(246, 246, 246);height: 20px;vertical-align: baseline;width: 150px !important;\">\n<p>Thông tin chung</p></td>\n<td style = \"    background-color: rgb(252, 252, 252);height: 20px;vertical-align: baseline;\">\n<p>Thương hiệu :</p> </td> \n<td style = \"background-color: rgb(252, 252, 252);height: 20px;vertical-align: baseline;\">\n<p>CARNIVAL</p> </td> \n</tr>\n<tr>\n<td style = \"    background-color: rgb(252, 252, 252);height: 20px;vertical-align: baseline;\">\n<p>Loại máy :</p> </td> \n<td style = \"background-color: rgb(252, 252, 252);height: 20px;vertical-align: baseline;\">\n<p>Quartz(chạy pin)</p> </td> \n</tr>\n<tr>\n<td style = \"    background-color: rgb(252, 252, 252);height: 20px;vertical-align: baseline;\">\n<p>Kiểu dáng</p> </td> \n<td style = \"background-color: rgb(252, 252, 252);height: 20px;vertical-align: baseline;\">\n<p>Nam</p> </td> \n</tr>\n<tr>\n<td style = \"    background-color: rgb(252, 252, 252);height: 20px;vertical-align: baseline;\">\n<p>Mặt kính</p> </td> \n<td style = \"background-color: rgb(252, 252, 252);height: 20px;vertical-align: baseline;\">\n<p>Sapphire</p> </td> \n</tr>\n<tr>\n<td style = \"    background-color: rgb(252, 252, 252);height: 20px;vertical-align: baseline;\">\n<p>Vỏ</p> </td> \n<td style = \"background-color: rgb(252, 252, 252);height: 20px;vertical-align: baseline;\">\n<p>Thép không gỉ</p> </td> \n</tr>\n<tr>\n<td style = \"    background-color: rgb(252, 252, 252);height: 20px;vertical-align: baseline;\">\n<p>Đường kính</p> </td> \n<td style = \"background-color: rgb(252, 252, 252);height: 20px;vertical-align: baseline;\">\n<p>36mmX36MM</p> </td> \n</tr>\n<tr>\n<td style = \"    background-color: rgb(252, 252, 252);height: 20px;vertical-align: baseline;\">\n<p>Độ dày</p> </td> \n<td style = \"background-color: rgb(252, 252, 252);height: 20px;vertical-align: baseline;\">\n<p>6mm</p> </td> \n</tr>\n<tr>\n<td style = \"    background-color: rgb(252, 252, 252);height: 20px;vertical-align: baseline;\">\n<p>Độ chịu nước</p> </td> \n<td style = \"background-color: rgb(252, 252, 252);height: 20px;vertical-align: baseline;\">\n<p>3 ATM</p> </td> \n<tr>\n<td style = \"    background-color: rgb(252, 252, 252);height: 20px;vertical-align: baseline;\">\n<p>Bảo hành</p> </td> \n<td style = \"background-color: rgb(252, 252, 252);height: 20px;vertical-align: baseline;\">\n<p>2 năm</p> </td> \n</tr>\n</tr>\n</table>', 20, 0, 3400000, 0, '', 4, '2014-05-20', 0);
INSERT INTO `sanpham` (`idsp`, `tensp`, `hinhanh`, `mau`, `chitiet`, `soluong`, `daban`, `gia`, `khuyenmai1`, `khuyenmai2`, `madm`, `ngaycapnhat`, `trangthai`) VALUES
(25, 'Đồng hồ nam G50402', 'g50402-201-011_4728.jpg', '', '<table border=\"0\" cellpadding=\"0\" cellspacing=\"0\" style=\"width:570px\">\n<tr><td rowspan=\"9\" style = \"    background-color: rgb(246, 246, 246);height: 20px;vertical-align: baseline;width: 150px !important;\">\n<p>Thông tin chung</p></td>\n<td style = \"    background-color: rgb(252, 252, 252);height: 20px;vertical-align: baseline;\">\n<p>Thương hiệu :</p> </td> \n<td style = \"background-color: rgb(252, 252, 252);height: 20px;vertical-align: baseline;\">\n<p>CARNIVAL</p> </td> \n</tr>\n<tr>\n<td style = \"    background-color: rgb(252, 252, 252);height: 20px;vertical-align: baseline;\">\n<p>Loại máy :</p> </td> \n<td style = \"background-color: rgb(252, 252, 252);height: 20px;vertical-align: baseline;\">\n<p>Quartz(chạy pin)</p> </td> \n</tr>\n<tr>\n<td style = \"    background-color: rgb(252, 252, 252);height: 20px;vertical-align: baseline;\">\n<p>Kiểu dáng</p> </td> \n<td style = \"background-color: rgb(252, 252, 252);height: 20px;vertical-align: baseline;\">\n<p>Nam</p> </td> \n</tr>\n<tr>\n<td style = \"    background-color: rgb(252, 252, 252);height: 20px;vertical-align: baseline;\">\n<p>Mặt kính</p> </td> \n<td style = \"background-color: rgb(252, 252, 252);height: 20px;vertical-align: baseline;\">\n<p>Sapphire</p> </td> \n</tr>\n<tr>\n<td style = \"    background-color: rgb(252, 252, 252);height: 20px;vertical-align: baseline;\">\n<p>Vỏ</p> </td> \n<td style = \"background-color: rgb(252, 252, 252);height: 20px;vertical-align: baseline;\">\n<p>Thép không gỉ</p> </td> \n</tr>\n<tr>\n<td style = \"    background-color: rgb(252, 252, 252);height: 20px;vertical-align: baseline;\">\n<p>Đường kính</p> </td> \n<td style = \"background-color: rgb(252, 252, 252);height: 20px;vertical-align: baseline;\">\n<p>36mmX36MM</p> </td> \n</tr>\n<tr>\n<td style = \"    background-color: rgb(252, 252, 252);height: 20px;vertical-align: baseline;\">\n<p>Độ dày</p> </td> \n<td style = \"background-color: rgb(252, 252, 252);height: 20px;vertical-align: baseline;\">\n<p>6mm</p> </td> \n</tr>\n<tr>\n<td style = \"    background-color: rgb(252, 252, 252);height: 20px;vertical-align: baseline;\">\n<p>Độ chịu nước</p> </td> \n<td style = \"background-color: rgb(252, 252, 252);height: 20px;vertical-align: baseline;\">\n<p>3 ATM</p> </td> \n<tr>\n<td style = \"    background-color: rgb(252, 252, 252);height: 20px;vertical-align: baseline;\">\n<p>Bảo hành</p> </td> \n<td style = \"background-color: rgb(252, 252, 252);height: 20px;vertical-align: baseline;\">\n<p>2 năm</p> </td> \n</tr>\n</tr>\n</table>', 20, 0, 3200000, 0, '', 4, '2014-05-20', 0),
(26, 'WINNER Leather Band Transparent', '1827219241524040_2.jpg', '', '<table border=\"0\" cellpadding=\"0\" cellspacing=\"0\" style=\"width:570px\">\n<tr><td rowspan=\"9\" style = \"    background-color: rgb(246, 246, 246);height: 20px;vertical-align: baseline;width: 150px !important;\">\n<p>Thông tin chung</p></td>\n<td style = \"    background-color: rgb(252, 252, 252);height: 20px;vertical-align: baseline;\">\n<p>Thương hiệu :</p> </td> \n<td style = \"background-color: rgb(252, 252, 252);height: 20px;vertical-align: baseline;\">\n<p>WINNER</p> </td> \n</tr>\n<tr>\n<td style = \"    background-color: rgb(252, 252, 252);height: 20px;vertical-align: baseline;\">\n<p>Loại máy :</p> </td> \n<td style = \"background-color: rgb(252, 252, 252);height: 20px;vertical-align: baseline;\">\n<p>Quartz(chạy pin)</p> </td> \n</tr>\n<tr>\n<td style = \"    background-color: rgb(252, 252, 252);height: 20px;vertical-align: baseline;\">\n<p>Kiểu dáng</p> </td> \n<td style = \"background-color: rgb(252, 252, 252);height: 20px;vertical-align: baseline;\">\n<p>Nam</p> </td> \n</tr>\n<tr>\n<td style = \"    background-color: rgb(252, 252, 252);height: 20px;vertical-align: baseline;\">\n<p>Mặt kính</p> </td> \n<td style = \"background-color: rgb(252, 252, 252);height: 20px;vertical-align: baseline;\">\n<p>Sapphire</p> </td> \n</tr>\n<tr>\n<td style = \"    background-color: rgb(252, 252, 252);height: 20px;vertical-align: baseline;\">\n<p>Vỏ</p> </td> \n<td style = \"background-color: rgb(252, 252, 252);height: 20px;vertical-align: baseline;\">\n<p>Thép không gỉ</p> </td> \n</tr>\n<tr>\n<td style = \"    background-color: rgb(252, 252, 252);height: 20px;vertical-align: baseline;\">\n<p>Đường kính</p> </td> \n<td style = \"background-color: rgb(252, 252, 252);height: 20px;vertical-align: baseline;\">\n<p>36mmX36MM</p> </td> \n</tr>\n<tr>\n<td style = \"    background-color: rgb(252, 252, 252);height: 20px;vertical-align: baseline;\">\n<p>Độ dày</p> </td> \n<td style = \"background-color: rgb(252, 252, 252);height: 20px;vertical-align: baseline;\">\n<p>6mm</p> </td> \n</tr>\n<tr>\n<td style = \"    background-color: rgb(252, 252, 252);height: 20px;vertical-align: baseline;\">\n<p>Độ chịu nước</p> </td> \n<td style = \"background-color: rgb(252, 252, 252);height: 20px;vertical-align: baseline;\">\n<p>3 ATM</p> </td> \n<tr>\n<td style = \"    background-color: rgb(252, 252, 252);height: 20px;vertical-align: baseline;\">\n<p>Bảo hành</p> </td> \n<td style = \"background-color: rgb(252, 252, 252);height: 20px;vertical-align: baseline;\">\n<p>2 năm</p> </td> \n</tr>\n</tr>\n</table>', 20, 0, 850000, 0, '', 5, '2014-05-20', 0),
(27, 'WINNER Leather Band Transparent', '1830354355884040_1.jpg', '', '<table border=\"0\" cellpadding=\"0\" cellspacing=\"0\" style=\"width:570px\">\n<tr><td rowspan=\"9\" style = \"    background-color: rgb(246, 246, 246);height: 20px;vertical-align: baseline;width: 150px !important;\">\n<p>Thông tin chung</p></td>\n<td style = \"    background-color: rgb(252, 252, 252);height: 20px;vertical-align: baseline;\">\n<p>Thương hiệu :</p> </td> \n<td style = \"background-color: rgb(252, 252, 252);height: 20px;vertical-align: baseline;\">\n<p>WINNER</p> </td> \n</tr>\n<tr>\n<td style = \"    background-color: rgb(252, 252, 252);height: 20px;vertical-align: baseline;\">\n<p>Loại máy :</p> </td> \n<td style = \"background-color: rgb(252, 252, 252);height: 20px;vertical-align: baseline;\">\n<p>Quartz(chạy pin)</p> </td> \n</tr>\n<tr>\n<td style = \"    background-color: rgb(252, 252, 252);height: 20px;vertical-align: baseline;\">\n<p>Kiểu dáng</p> </td> \n<td style = \"background-color: rgb(252, 252, 252);height: 20px;vertical-align: baseline;\">\n<p>Nam</p> </td> \n</tr>\n<tr>\n<td style = \"    background-color: rgb(252, 252, 252);height: 20px;vertical-align: baseline;\">\n<p>Mặt kính</p> </td> \n<td style = \"background-color: rgb(252, 252, 252);height: 20px;vertical-align: baseline;\">\n<p>Sapphire</p> </td> \n</tr>\n<tr>\n<td style = \"    background-color: rgb(252, 252, 252);height: 20px;vertical-align: baseline;\">\n<p>Vỏ</p> </td> \n<td style = \"background-color: rgb(252, 252, 252);height: 20px;vertical-align: baseline;\">\n<p>Thép không gỉ</p> </td> \n</tr>\n<tr>\n<td style = \"    background-color: rgb(252, 252, 252);height: 20px;vertical-align: baseline;\">\n<p>Đường kính</p> </td> \n<td style = \"background-color: rgb(252, 252, 252);height: 20px;vertical-align: baseline;\">\n<p>36mmX36MM</p> </td> \n</tr>\n<tr>\n<td style = \"    background-color: rgb(252, 252, 252);height: 20px;vertical-align: baseline;\">\n<p>Độ dày</p> </td> \n<td style = \"background-color: rgb(252, 252, 252);height: 20px;vertical-align: baseline;\">\n<p>6mm</p> </td> \n</tr>\n<tr>\n<td style = \"    background-color: rgb(252, 252, 252);height: 20px;vertical-align: baseline;\">\n<p>Độ chịu nước</p> </td> \n<td style = \"background-color: rgb(252, 252, 252);height: 20px;vertical-align: baseline;\">\n<p>3 ATM</p> </td> \n<tr>\n<td style = \"    background-color: rgb(252, 252, 252);height: 20px;vertical-align: baseline;\">\n<p>Bảo hành</p> </td> \n<td style = \"background-color: rgb(252, 252, 252);height: 20px;vertical-align: baseline;\">\n<p>2 năm</p> </td> \n</tr>\n</tr>\n</table>', 20, 1, 850000, 0, '', 5, '2014-05-20', 0),
(28, 'Wrist Watch Analog Stainless', '$_1.JPG', '', '<table border=\"0\" cellpadding=\"0\" cellspacing=\"0\" style=\"width:570px\">\n<tr><td rowspan=\"9\" style = \"    background-color: rgb(246, 246, 246);height: 20px;vertical-align: baseline;width: 150px !important;\">\n<p>Thông tin chung</p></td>\n<td style = \"    background-color: rgb(252, 252, 252);height: 20px;vertical-align: baseline;\">\n<p>Thương hiệu :</p> </td> \n<td style = \"background-color: rgb(252, 252, 252);height: 20px;vertical-align: baseline;\">\n<p>WINNER</p> </td> \n</tr>\n<tr>\n<td style = \"    background-color: rgb(252, 252, 252);height: 20px;vertical-align: baseline;\">\n<p>Loại máy :</p> </td> \n<td style = \"background-color: rgb(252, 252, 252);height: 20px;vertical-align: baseline;\">\n<p>Quartz(chạy pin)</p> </td> \n</tr>\n<tr>\n<td style = \"    background-color: rgb(252, 252, 252);height: 20px;vertical-align: baseline;\">\n<p>Kiểu dáng</p> </td> \n<td style = \"background-color: rgb(252, 252, 252);height: 20px;vertical-align: baseline;\">\n<p>Nam</p> </td> \n</tr>\n<tr>\n<td style = \"    background-color: rgb(252, 252, 252);height: 20px;vertical-align: baseline;\">\n<p>Mặt kính</p> </td> \n<td style = \"background-color: rgb(252, 252, 252);height: 20px;vertical-align: baseline;\">\n<p>Sapphire</p> </td> \n</tr>\n<tr>\n<td style = \"    background-color: rgb(252, 252, 252);height: 20px;vertical-align: baseline;\">\n<p>Vỏ</p> </td> \n<td style = \"background-color: rgb(252, 252, 252);height: 20px;vertical-align: baseline;\">\n<p>Thép không gỉ</p> </td> \n</tr>\n<tr>\n<td style = \"    background-color: rgb(252, 252, 252);height: 20px;vertical-align: baseline;\">\n<p>Đường kính</p> </td> \n<td style = \"background-color: rgb(252, 252, 252);height: 20px;vertical-align: baseline;\">\n<p>36mmX36MM</p> </td> \n</tr>\n<tr>\n<td style = \"    background-color: rgb(252, 252, 252);height: 20px;vertical-align: baseline;\">\n<p>Độ dày</p> </td> \n<td style = \"background-color: rgb(252, 252, 252);height: 20px;vertical-align: baseline;\">\n<p>6mm</p> </td> \n</tr>\n<tr>\n<td style = \"    background-color: rgb(252, 252, 252);height: 20px;vertical-align: baseline;\">\n<p>Độ chịu nước</p> </td> \n<td style = \"background-color: rgb(252, 252, 252);height: 20px;vertical-align: baseline;\">\n<p>3 ATM</p> </td> \n<tr>\n<td style = \"    background-color: rgb(252, 252, 252);height: 20px;vertical-align: baseline;\">\n<p>Bảo hành</p> </td> \n<td style = \"background-color: rgb(252, 252, 252);height: 20px;vertical-align: baseline;\">\n<p>2 năm</p> </td> \n</tr>\n</tr>\n</table>', 20, 0, 910000, 0, '', 5, '2014-05-20', 0),
(29, 'Winner Men Casual Black Leather Date ', '$_1 (1).JPG', '', '<table border=\"0\" cellpadding=\"0\" cellspacing=\"0\" style=\"width:570px\">\n<tr><td rowspan=\"9\" style = \"    background-color: rgb(246, 246, 246);height: 20px;vertical-align: baseline;width: 150px !important;\">\n<p>Thông tin chung</p></td>\n<td style = \"    background-color: rgb(252, 252, 252);height: 20px;vertical-align: baseline;\">\n<p>Thương hiệu :</p> </td> \n<td style = \"background-color: rgb(252, 252, 252);height: 20px;vertical-align: baseline;\">\n<p>WINNER</p> </td> \n</tr>\n<tr>\n<td style = \"    background-color: rgb(252, 252, 252);height: 20px;vertical-align: baseline;\">\n<p>Loại máy :</p> </td> \n<td style = \"background-color: rgb(252, 252, 252);height: 20px;vertical-align: baseline;\">\n<p>Quartz(chạy pin)</p> </td> \n</tr>\n<tr>\n<td style = \"    background-color: rgb(252, 252, 252);height: 20px;vertical-align: baseline;\">\n<p>Kiểu dáng</p> </td> \n<td style = \"background-color: rgb(252, 252, 252);height: 20px;vertical-align: baseline;\">\n<p>Nam</p> </td> \n</tr>\n<tr>\n<td style = \"    background-color: rgb(252, 252, 252);height: 20px;vertical-align: baseline;\">\n<p>Mặt kính</p> </td> \n<td style = \"background-color: rgb(252, 252, 252);height: 20px;vertical-align: baseline;\">\n<p>Sapphire</p> </td> \n</tr>\n<tr>\n<td style = \"    background-color: rgb(252, 252, 252);height: 20px;vertical-align: baseline;\">\n<p>Vỏ</p> </td> \n<td style = \"background-color: rgb(252, 252, 252);height: 20px;vertical-align: baseline;\">\n<p>Thép không gỉ</p> </td> \n</tr>\n<tr>\n<td style = \"    background-color: rgb(252, 252, 252);height: 20px;vertical-align: baseline;\">\n<p>Đường kính</p> </td> \n<td style = \"background-color: rgb(252, 252, 252);height: 20px;vertical-align: baseline;\">\n<p>36mmX36MM</p> </td> \n</tr>\n<tr>\n<td style = \"    background-color: rgb(252, 252, 252);height: 20px;vertical-align: baseline;\">\n<p>Độ dày</p> </td> \n<td style = \"background-color: rgb(252, 252, 252);height: 20px;vertical-align: baseline;\">\n<p>6mm</p> </td> \n</tr>\n<tr>\n<td style = \"    background-color: rgb(252, 252, 252);height: 20px;vertical-align: baseline;\">\n<p>Độ chịu nước</p> </td> \n<td style = \"background-color: rgb(252, 252, 252);height: 20px;vertical-align: baseline;\">\n<p>3 ATM</p> </td> \n<tr>\n<td style = \"    background-color: rgb(252, 252, 252);height: 20px;vertical-align: baseline;\">\n<p>Bảo hành</p> </td> \n<td style = \"background-color: rgb(252, 252, 252);height: 20px;vertical-align: baseline;\">\n<p>2 năm</p> </td> \n</tr>\n</tr>\n</table>', 20, 0, 909000, 0, '', 5, '2014-05-20', 0),
(30, 'Luxury Black Dial Mens Skeleton Stainless', '1625021008674040_3.jpg', '', '<table border=\"0\" cellpadding=\"0\" cellspacing=\"0\" style=\"width:570px\">\n<tr><td rowspan=\"9\" style = \"    background-color: rgb(246, 246, 246);height: 20px;vertical-align: baseline;width: 150px !important;\">\n<p>Thông tin chung</p></td>\n<td style = \"    background-color: rgb(252, 252, 252);height: 20px;vertical-align: baseline;\">\n<p>Thương hiệu :</p> </td> \n<td style = \"background-color: rgb(252, 252, 252);height: 20px;vertical-align: baseline;\">\n<p>WINNER</p> </td> \n</tr>\n<tr>\n<td style = \"    background-color: rgb(252, 252, 252);height: 20px;vertical-align: baseline;\">\n<p>Loại máy :</p> </td> \n<td style = \"background-color: rgb(252, 252, 252);height: 20px;vertical-align: baseline;\">\n<p>Quartz(chạy pin)</p> </td> \n</tr>\n<tr>\n<td style = \"    background-color: rgb(252, 252, 252);height: 20px;vertical-align: baseline;\">\n<p>Kiểu dáng</p> </td> \n<td style = \"background-color: rgb(252, 252, 252);height: 20px;vertical-align: baseline;\">\n<p>Nam</p> </td> \n</tr>\n<tr>\n<td style = \"    background-color: rgb(252, 252, 252);height: 20px;vertical-align: baseline;\">\n<p>Mặt kính</p> </td> \n<td style = \"background-color: rgb(252, 252, 252);height: 20px;vertical-align: baseline;\">\n<p>Sapphire</p> </td> \n</tr>\n<tr>\n<td style = \"    background-color: rgb(252, 252, 252);height: 20px;vertical-align: baseline;\">\n<p>Vỏ</p> </td> \n<td style = \"background-color: rgb(252, 252, 252);height: 20px;vertical-align: baseline;\">\n<p>Thép không gỉ</p> </td> \n</tr>\n<tr>\n<td style = \"    background-color: rgb(252, 252, 252);height: 20px;vertical-align: baseline;\">\n<p>Đường kính</p> </td> \n<td style = \"background-color: rgb(252, 252, 252);height: 20px;vertical-align: baseline;\">\n<p>36mmX36MM</p> </td> \n</tr>\n<tr>\n<td style = \"    background-color: rgb(252, 252, 252);height: 20px;vertical-align: baseline;\">\n<p>Độ dày</p> </td> \n<td style = \"background-color: rgb(252, 252, 252);height: 20px;vertical-align: baseline;\">\n<p>6mm</p> </td> \n</tr>\n<tr>\n<td style = \"    background-color: rgb(252, 252, 252);height: 20px;vertical-align: baseline;\">\n<p>Độ chịu nước</p> </td> \n<td style = \"background-color: rgb(252, 252, 252);height: 20px;vertical-align: baseline;\">\n<p>3 ATM</p> </td> \n<tr>\n<td style = \"    background-color: rgb(252, 252, 252);height: 20px;vertical-align: baseline;\">\n<p>Bảo hành</p> </td> \n<td style = \"background-color: rgb(252, 252, 252);height: 20px;vertical-align: baseline;\">\n<p>2 năm</p> </td> \n</tr>\n</tr>\n</table>', 20, 0, 762000, 0, '', 5, '2014-05-20', 0),
(31, 'WINNER Skeleton Semi ', '$_1 (2).JPG', '', '<table border=\"0\" cellpadding=\"0\" cellspacing=\"0\" style=\"width:570px\">\n<tr><td rowspan=\"9\" style = \"    background-color: rgb(246, 246, 246);height: 20px;vertical-align: baseline;width: 150px !important;\">\n<p>Thông tin chung</p></td>\n<td style = \"    background-color: rgb(252, 252, 252);height: 20px;vertical-align: baseline;\">\n<p>Thương hiệu :</p> </td> \n<td style = \"background-color: rgb(252, 252, 252);height: 20px;vertical-align: baseline;\">\n<p>WINNER</p> </td> \n</tr>\n<tr>\n<td style = \"    background-color: rgb(252, 252, 252);height: 20px;vertical-align: baseline;\">\n<p>Loại máy :</p> </td> \n<td style = \"background-color: rgb(252, 252, 252);height: 20px;vertical-align: baseline;\">\n<p>Quartz(chạy pin)</p> </td> \n</tr>\n<tr>\n<td style = \"    background-color: rgb(252, 252, 252);height: 20px;vertical-align: baseline;\">\n<p>Kiểu dáng</p> </td> \n<td style = \"background-color: rgb(252, 252, 252);height: 20px;vertical-align: baseline;\">\n<p>Nam</p> </td> \n</tr>\n<tr>\n<td style = \"    background-color: rgb(252, 252, 252);height: 20px;vertical-align: baseline;\">\n<p>Mặt kính</p> </td> \n<td style = \"background-color: rgb(252, 252, 252);height: 20px;vertical-align: baseline;\">\n<p>Sapphire</p> </td> \n</tr>\n<tr>\n<td style = \"    background-color: rgb(252, 252, 252);height: 20px;vertical-align: baseline;\">\n<p>Vỏ</p> </td> \n<td style = \"background-color: rgb(252, 252, 252);height: 20px;vertical-align: baseline;\">\n<p>Thép không gỉ</p> </td> \n</tr>\n<tr>\n<td style = \"    background-color: rgb(252, 252, 252);height: 20px;vertical-align: baseline;\">\n<p>Đường kính</p> </td> \n<td style = \"background-color: rgb(252, 252, 252);height: 20px;vertical-align: baseline;\">\n<p>36mmX36MM</p> </td> \n</tr>\n<tr>\n<td style = \"    background-color: rgb(252, 252, 252);height: 20px;vertical-align: baseline;\">\n<p>Độ dày</p> </td> \n<td style = \"background-color: rgb(252, 252, 252);height: 20px;vertical-align: baseline;\">\n<p>6mm</p> </td> \n</tr>\n<tr>\n<td style = \"    background-color: rgb(252, 252, 252);height: 20px;vertical-align: baseline;\">\n<p>Độ chịu nước</p> </td> \n<td style = \"background-color: rgb(252, 252, 252);height: 20px;vertical-align: baseline;\">\n<p>3 ATM</p> </td> \n<tr>\n<td style = \"    background-color: rgb(252, 252, 252);height: 20px;vertical-align: baseline;\">\n<p>Bảo hành</p> </td> \n<td style = \"background-color: rgb(252, 252, 252);height: 20px;vertical-align: baseline;\">\n<p>2 năm</p> </td> \n</tr>\n</tr>\n</table>', 20, 0, 846000, 0, '', 5, '2014-05-20', 0),
(32, 'ĐỒNG HỒ REEF TIGER RGA1616-PWS', 'rga1616-pws-1-e1540967594455.png', '', '<table border=\"0\" cellpadding=\"0\" cellspacing=\"0\" style=\"width:570px\">\n<tr><td rowspan=\"9\" style = \"    background-color: rgb(246, 246, 246);height: 20px;vertical-align: baseline;width: 150px !important;\">\n<p>Thông tin chung</p></td>\n<td style = \"    background-color: rgb(252, 252, 252);height: 20px;vertical-align: baseline;\">\n<p>Thương hiệu :</p> </td> \n<td style = \"background-color: rgb(252, 252, 252);height: 20px;vertical-align: baseline;\">\n<p>TIGER</p> </td> \n</tr>\n<tr>\n<td style = \"    background-color: rgb(252, 252, 252);height: 20px;vertical-align: baseline;\">\n<p>Loại máy :</p> </td> \n<td style = \"background-color: rgb(252, 252, 252);height: 20px;vertical-align: baseline;\">\n<p>Quartz(chạy pin)</p> </td> \n</tr>\n<tr>\n<td style = \"    background-color: rgb(252, 252, 252);height: 20px;vertical-align: baseline;\">\n<p>Kiểu dáng</p> </td> \n<td style = \"background-color: rgb(252, 252, 252);height: 20px;vertical-align: baseline;\">\n<p>Nam</p> </td> \n</tr>\n<tr>\n<td style = \"    background-color: rgb(252, 252, 252);height: 20px;vertical-align: baseline;\">\n<p>Mặt kính</p> </td> \n<td style = \"background-color: rgb(252, 252, 252);height: 20px;vertical-align: baseline;\">\n<p>Sapphire</p> </td> \n</tr>\n<tr>\n<td style = \"    background-color: rgb(252, 252, 252);height: 20px;vertical-align: baseline;\">\n<p>Vỏ</p> </td> \n<td style = \"background-color: rgb(252, 252, 252);height: 20px;vertical-align: baseline;\">\n<p>Thép không gỉ</p> </td> \n</tr>\n<tr>\n<td style = \"    background-color: rgb(252, 252, 252);height: 20px;vertical-align: baseline;\">\n<p>Đường kính</p> </td> \n<td style = \"background-color: rgb(252, 252, 252);height: 20px;vertical-align: baseline;\">\n<p>40mmX40MM</p> </td> \n</tr>\n<tr>\n<td style = \"    background-color: rgb(252, 252, 252);height: 20px;vertical-align: baseline;\">\n<p>Độ dày</p> </td> \n<td style = \"background-color: rgb(252, 252, 252);height: 20px;vertical-align: baseline;\">\n<p>8mm</p> </td> \n</tr>\n<tr>\n<td style = \"    background-color: rgb(252, 252, 252);height: 20px;vertical-align: baseline;\">\n<p>Độ chịu nước</p> </td> \n<td style = \"background-color: rgb(252, 252, 252);height: 20px;vertical-align: baseline;\">\n<p>5 ATM</p> </td> \n<tr>\n<td style = \"    background-color: rgb(252, 252, 252);height: 20px;vertical-align: baseline;\">\n<p>Bảo hành</p> </td> \n<td style = \"background-color: rgb(252, 252, 252);height: 20px;vertical-align: baseline;\">\n<p>1 năm</p> </td> \n</tr>\n</tr>\n</table>', 20, 0, 4850000, 0, '', 6, '2014-05-20', 0),
(33, 'ĐỒNG HỒ REEF TIGER RGA3019-PWS', 'rga3019-pws_11-e1531558794448-1.png', '', '<table border=\"0\" cellpadding=\"0\" cellspacing=\"0\" style=\"width:570px\">\n<tr><td rowspan=\"9\" style = \"    background-color: rgb(246, 246, 246);height: 20px;vertical-align: baseline;width: 150px !important;\">\n<p>Thông tin chung</p></td>\n<td style = \"    background-color: rgb(252, 252, 252);height: 20px;vertical-align: baseline;\">\n<p>Thương hiệu :</p> </td> \n<td style = \"background-color: rgb(252, 252, 252);height: 20px;vertical-align: baseline;\">\n<p>TIGER</p> </td> \n</tr>\n<tr>\n<td style = \"    background-color: rgb(252, 252, 252);height: 20px;vertical-align: baseline;\">\n<p>Loại máy :</p> </td> \n<td style = \"background-color: rgb(252, 252, 252);height: 20px;vertical-align: baseline;\">\n<p>Quartz(chạy pin)</p> </td> \n</tr>\n<tr>\n<td style = \"    background-color: rgb(252, 252, 252);height: 20px;vertical-align: baseline;\">\n<p>Kiểu dáng</p> </td> \n<td style = \"background-color: rgb(252, 252, 252);height: 20px;vertical-align: baseline;\">\n<p>Nam</p> </td> \n</tr>\n<tr>\n<td style = \"    background-color: rgb(252, 252, 252);height: 20px;vertical-align: baseline;\">\n<p>Mặt kính</p> </td> \n<td style = \"background-color: rgb(252, 252, 252);height: 20px;vertical-align: baseline;\">\n<p>Sapphire</p> </td> \n</tr>\n<tr>\n<td style = \"    background-color: rgb(252, 252, 252);height: 20px;vertical-align: baseline;\">\n<p>Vỏ</p> </td> \n<td style = \"background-color: rgb(252, 252, 252);height: 20px;vertical-align: baseline;\">\n<p>Thép không gỉ</p> </td> \n</tr>\n<tr>\n<td style = \"    background-color: rgb(252, 252, 252);height: 20px;vertical-align: baseline;\">\n<p>Đường kính</p> </td> \n<td style = \"background-color: rgb(252, 252, 252);height: 20px;vertical-align: baseline;\">\n<p>40mmX40MM</p> </td> \n</tr>\n<tr>\n<td style = \"    background-color: rgb(252, 252, 252);height: 20px;vertical-align: baseline;\">\n<p>Độ dày</p> </td> \n<td style = \"background-color: rgb(252, 252, 252);height: 20px;vertical-align: baseline;\">\n<p>8mm</p> </td> \n</tr>\n<tr>\n<td style = \"    background-color: rgb(252, 252, 252);height: 20px;vertical-align: baseline;\">\n<p>Độ chịu nước</p> </td> \n<td style = \"background-color: rgb(252, 252, 252);height: 20px;vertical-align: baseline;\">\n<p>5 ATM</p> </td> \n<tr>\n<td style = \"    background-color: rgb(252, 252, 252);height: 20px;vertical-align: baseline;\">\n<p>Bảo hành</p> </td> \n<td style = \"background-color: rgb(252, 252, 252);height: 20px;vertical-align: baseline;\">\n<p>1 năm</p> </td> \n</tr>\n</tr>\n</table>', 20, 0, 8650000, 0, '', 6, '2014-05-20', 0),
(34, 'ĐỒNG HỒ REEF TIGER RGA1639-PWB', 'dong-ho-reef-tiger-rga1639-pwb_11-1-e1520652047812.png', '', '<table border=\"0\" cellpadding=\"0\" cellspacing=\"0\" style=\"width:570px\">\n<tr><td rowspan=\"9\" style = \"    background-color: rgb(246, 246, 246);height: 20px;vertical-align: baseline;width: 150px !important;\">\n<p>Thông tin chung</p></td>\n<td style = \"    background-color: rgb(252, 252, 252);height: 20px;vertical-align: baseline;\">\n<p>Thương hiệu :</p> </td> \n<td style = \"background-color: rgb(252, 252, 252);height: 20px;vertical-align: baseline;\">\n<p>TIGER</p> </td> \n</tr>\n<tr>\n<td style = \"    background-color: rgb(252, 252, 252);height: 20px;vertical-align: baseline;\">\n<p>Loại máy :</p> </td> \n<td style = \"background-color: rgb(252, 252, 252);height: 20px;vertical-align: baseline;\">\n<p>Quartz(chạy pin)</p> </td> \n</tr>\n<tr>\n<td style = \"    background-color: rgb(252, 252, 252);height: 20px;vertical-align: baseline;\">\n<p>Kiểu dáng</p> </td> \n<td style = \"background-color: rgb(252, 252, 252);height: 20px;vertical-align: baseline;\">\n<p>Nam</p> </td> \n</tr>\n<tr>\n<td style = \"    background-color: rgb(252, 252, 252);height: 20px;vertical-align: baseline;\">\n<p>Mặt kính</p> </td> \n<td style = \"background-color: rgb(252, 252, 252);height: 20px;vertical-align: baseline;\">\n<p>Sapphire</p> </td> \n</tr>\n<tr>\n<td style = \"    background-color: rgb(252, 252, 252);height: 20px;vertical-align: baseline;\">\n<p>Vỏ</p> </td> \n<td style = \"background-color: rgb(252, 252, 252);height: 20px;vertical-align: baseline;\">\n<p>Thép không gỉ</p> </td> \n</tr>\n<tr>\n<td style = \"    background-color: rgb(252, 252, 252);height: 20px;vertical-align: baseline;\">\n<p>Đường kính</p> </td> \n<td style = \"background-color: rgb(252, 252, 252);height: 20px;vertical-align: baseline;\">\n<p>40mmX40MM</p> </td> \n</tr>\n<tr>\n<td style = \"    background-color: rgb(252, 252, 252);height: 20px;vertical-align: baseline;\">\n<p>Độ dày</p> </td> \n<td style = \"background-color: rgb(252, 252, 252);height: 20px;vertical-align: baseline;\">\n<p>8mm</p> </td> \n</tr>\n<tr>\n<td style = \"    background-color: rgb(252, 252, 252);height: 20px;vertical-align: baseline;\">\n<p>Độ chịu nước</p> </td> \n<td style = \"background-color: rgb(252, 252, 252);height: 20px;vertical-align: baseline;\">\n<p>5 ATM</p> </td> \n<tr>\n<td style = \"    background-color: rgb(252, 252, 252);height: 20px;vertical-align: baseline;\">\n<p>Bảo hành</p> </td> \n<td style = \"background-color: rgb(252, 252, 252);height: 20px;vertical-align: baseline;\">\n<p>1 năm</p> </td> \n</tr>\n</tr>\n</table>', 20, 0, 6850000, 0, '', 6, '2014-05-20', 0),
(35, 'ĐỒNG HỒ REEF TIGER RGA8239-PBB', 'dong-ho-reef-tiger-rga8239-pbb-1-e1516690749884.png', '', '<table border=\"0\" cellpadding=\"0\" cellspacing=\"0\" style=\"width:570px\">\n<tr><td rowspan=\"9\" style = \"    background-color: rgb(246, 246, 246);height: 20px;vertical-align: baseline;width: 150px !important;\">\n<p>Thông tin chung</p></td>\n<td style = \"    background-color: rgb(252, 252, 252);height: 20px;vertical-align: baseline;\">\n<p>Thương hiệu :</p> </td> \n<td style = \"background-color: rgb(252, 252, 252);height: 20px;vertical-align: baseline;\">\n<p>TIGER</p> </td> \n</tr>\n<tr>\n<td style = \"    background-color: rgb(252, 252, 252);height: 20px;vertical-align: baseline;\">\n<p>Loại máy :</p> </td> \n<td style = \"background-color: rgb(252, 252, 252);height: 20px;vertical-align: baseline;\">\n<p>Quartz(chạy pin)</p> </td> \n</tr>\n<tr>\n<td style = \"    background-color: rgb(252, 252, 252);height: 20px;vertical-align: baseline;\">\n<p>Kiểu dáng</p> </td> \n<td style = \"background-color: rgb(252, 252, 252);height: 20px;vertical-align: baseline;\">\n<p>Nam</p> </td> \n</tr>\n<tr>\n<td style = \"    background-color: rgb(252, 252, 252);height: 20px;vertical-align: baseline;\">\n<p>Mặt kính</p> </td> \n<td style = \"background-color: rgb(252, 252, 252);height: 20px;vertical-align: baseline;\">\n<p>Sapphire</p> </td> \n</tr>\n<tr>\n<td style = \"    background-color: rgb(252, 252, 252);height: 20px;vertical-align: baseline;\">\n<p>Vỏ</p> </td> \n<td style = \"background-color: rgb(252, 252, 252);height: 20px;vertical-align: baseline;\">\n<p>Thép không gỉ</p> </td> \n</tr>\n<tr>\n<td style = \"    background-color: rgb(252, 252, 252);height: 20px;vertical-align: baseline;\">\n<p>Đường kính</p> </td> \n<td style = \"background-color: rgb(252, 252, 252);height: 20px;vertical-align: baseline;\">\n<p>40mmX40MM</p> </td> \n</tr>\n<tr>\n<td style = \"    background-color: rgb(252, 252, 252);height: 20px;vertical-align: baseline;\">\n<p>Độ dày</p> </td> \n<td style = \"background-color: rgb(252, 252, 252);height: 20px;vertical-align: baseline;\">\n<p>8mm</p> </td> \n</tr>\n<tr>\n<td style = \"    background-color: rgb(252, 252, 252);height: 20px;vertical-align: baseline;\">\n<p>Độ chịu nước</p> </td> \n<td style = \"background-color: rgb(252, 252, 252);height: 20px;vertical-align: baseline;\">\n<p>5 ATM</p> </td> \n<tr>\n<td style = \"    background-color: rgb(252, 252, 252);height: 20px;vertical-align: baseline;\">\n<p>Bảo hành</p> </td> \n<td style = \"background-color: rgb(252, 252, 252);height: 20px;vertical-align: baseline;\">\n<p>1 năm</p> </td> \n</tr>\n</tr>\n</table>', 20, 0, 6850000, 10, '', 6, '2014-05-20', 0),
(36, 'ĐỒNG HỒ REEF TIGER RGA8239-PWB', 'dong-ho-reef-tiger-rga8239-pwb-1-1-e1516688624791.png', '', '<table border=\"0\" cellpadding=\"0\" cellspacing=\"0\" style=\"width:570px\">\n<tr><td rowspan=\"9\" style = \"    background-color: rgb(246, 246, 246);height: 20px;vertical-align: baseline;width: 150px !important;\">\n<p>Thông tin chung</p></td>\n<td style = \"    background-color: rgb(252, 252, 252);height: 20px;vertical-align: baseline;\">\n<p>Thương hiệu :</p> </td> \n<td style = \"background-color: rgb(252, 252, 252);height: 20px;vertical-align: baseline;\">\n<p>TIGER</p> </td> \n</tr>\n<tr>\n<td style = \"    background-color: rgb(252, 252, 252);height: 20px;vertical-align: baseline;\">\n<p>Loại máy :</p> </td> \n<td style = \"background-color: rgb(252, 252, 252);height: 20px;vertical-align: baseline;\">\n<p>Quartz(chạy pin)</p> </td> \n</tr>\n<tr>\n<td style = \"    background-color: rgb(252, 252, 252);height: 20px;vertical-align: baseline;\">\n<p>Kiểu dáng</p> </td> \n<td style = \"background-color: rgb(252, 252, 252);height: 20px;vertical-align: baseline;\">\n<p>Nam</p> </td> \n</tr>\n<tr>\n<td style = \"    background-color: rgb(252, 252, 252);height: 20px;vertical-align: baseline;\">\n<p>Mặt kính</p> </td> \n<td style = \"background-color: rgb(252, 252, 252);height: 20px;vertical-align: baseline;\">\n<p>Sapphire</p> </td> \n</tr>\n<tr>\n<td style = \"    background-color: rgb(252, 252, 252);height: 20px;vertical-align: baseline;\">\n<p>Vỏ</p> </td> \n<td style = \"background-color: rgb(252, 252, 252);height: 20px;vertical-align: baseline;\">\n<p>Thép không gỉ</p> </td> \n</tr>\n<tr>\n<td style = \"    background-color: rgb(252, 252, 252);height: 20px;vertical-align: baseline;\">\n<p>Đường kính</p> </td> \n<td style = \"background-color: rgb(252, 252, 252);height: 20px;vertical-align: baseline;\">\n<p>40mmX40MM</p> </td> \n</tr>\n<tr>\n<td style = \"    background-color: rgb(252, 252, 252);height: 20px;vertical-align: baseline;\">\n<p>Độ dày</p> </td> \n<td style = \"background-color: rgb(252, 252, 252);height: 20px;vertical-align: baseline;\">\n<p>8mm</p> </td> \n</tr>\n<tr>\n<td style = \"    background-color: rgb(252, 252, 252);height: 20px;vertical-align: baseline;\">\n<p>Độ chịu nước</p> </td> \n<td style = \"background-color: rgb(252, 252, 252);height: 20px;vertical-align: baseline;\">\n<p>5 ATM</p> </td> \n<tr>\n<td style = \"    background-color: rgb(252, 252, 252);height: 20px;vertical-align: baseline;\">\n<p>Bảo hành</p> </td> \n<td style = \"background-color: rgb(252, 252, 252);height: 20px;vertical-align: baseline;\">\n<p>1 năm</p> </td> \n</tr>\n</tr>\n</table>', 20, 0, 6850000, 0, '', 6, '2014-05-20', 0),
(37, 'ĐỒNG HỒ REEF TIGER RGA8238-PLL', 'dong-ho-reef-tiger-rga8238-pll-1-e1516170960668.png', '', '<table border=\"0\" cellpadding=\"0\" cellspacing=\"0\" style=\"width:570px\">\n<tr><td rowspan=\"9\" style = \"    background-color: rgb(246, 246, 246);height: 20px;vertical-align: baseline;width: 150px !important;\">\n<p>Thông tin chung</p></td>\n<td style = \"    background-color: rgb(252, 252, 252);height: 20px;vertical-align: baseline;\">\n<p>Thương hiệu :</p> </td> \n<td style = \"background-color: rgb(252, 252, 252);height: 20px;vertical-align: baseline;\">\n<p>TIGER</p> </td> \n</tr>\n<tr>\n<td style = \"    background-color: rgb(252, 252, 252);height: 20px;vertical-align: baseline;\">\n<p>Loại máy :</p> </td> \n<td style = \"background-color: rgb(252, 252, 252);height: 20px;vertical-align: baseline;\">\n<p>Quartz(chạy pin)</p> </td> \n</tr>\n<tr>\n<td style = \"    background-color: rgb(252, 252, 252);height: 20px;vertical-align: baseline;\">\n<p>Kiểu dáng</p> </td> \n<td style = \"background-color: rgb(252, 252, 252);height: 20px;vertical-align: baseline;\">\n<p>Nam</p> </td> \n</tr>\n<tr>\n<td style = \"    background-color: rgb(252, 252, 252);height: 20px;vertical-align: baseline;\">\n<p>Mặt kính</p> </td> \n<td style = \"background-color: rgb(252, 252, 252);height: 20px;vertical-align: baseline;\">\n<p>Sapphire</p> </td> \n</tr>\n<tr>\n<td style = \"    background-color: rgb(252, 252, 252);height: 20px;vertical-align: baseline;\">\n<p>Vỏ</p> </td> \n<td style = \"background-color: rgb(252, 252, 252);height: 20px;vertical-align: baseline;\">\n<p>Thép không gỉ</p> </td> \n</tr>\n<tr>\n<td style = \"    background-color: rgb(252, 252, 252);height: 20px;vertical-align: baseline;\">\n<p>Đường kính</p> </td> \n<td style = \"background-color: rgb(252, 252, 252);height: 20px;vertical-align: baseline;\">\n<p>40mmX40MM</p> </td> \n</tr>\n<tr>\n<td style = \"    background-color: rgb(252, 252, 252);height: 20px;vertical-align: baseline;\">\n<p>Độ dày</p> </td> \n<td style = \"background-color: rgb(252, 252, 252);height: 20px;vertical-align: baseline;\">\n<p>8mm</p> </td> \n</tr>\n<tr>\n<td style = \"    background-color: rgb(252, 252, 252);height: 20px;vertical-align: baseline;\">\n<p>Độ chịu nước</p> </td> \n<td style = \"background-color: rgb(252, 252, 252);height: 20px;vertical-align: baseline;\">\n<p>5 ATM</p> </td> \n<tr>\n<td style = \"    background-color: rgb(252, 252, 252);height: 20px;vertical-align: baseline;\">\n<p>Bảo hành</p> </td> \n<td style = \"background-color: rgb(252, 252, 252);height: 20px;vertical-align: baseline;\">\n<p>1 năm</p> </td> \n</tr>\n</tr>\n</table>', 20, 0, 6750000, 0, '', 6, '2014-05-20', 0),
(38, 'ĐỒNG HỒ CẶP JA-426F JULIUS ', 'cap dong-500x515.jpg', '', '<table border=\"0\" cellpadding=\"0\" cellspacing=\"0\" style=\"width:570px\">\n<tr><td rowspan=\"9\" style = \"    background-color: rgb(246, 246, 246);height: 20px;vertical-align: baseline;width: 150px !important;\">\n<p>Thông tin chung</p></td>\n<td style = \"    background-color: rgb(252, 252, 252);height: 20px;vertical-align: baseline;\">\n<p>Thương hiệu :</p> </td> \n<td style = \"background-color: rgb(252, 252, 252);height: 20px;vertical-align: baseline;\">\n<p>JULIUS</p> </td> \n</tr>\n<tr>\n<td style = \"    background-color: rgb(252, 252, 252);height: 20px;vertical-align: baseline;\">\n<p>Loại máy :</p> </td> \n<td style = \"background-color: rgb(252, 252, 252);height: 20px;vertical-align: baseline;\">\n<p>Quartz(chạy pin)</p> </td> \n</tr>\n<tr>\n<td style = \"    background-color: rgb(252, 252, 252);height: 20px;vertical-align: baseline;\">\n<p>Kiểu dáng</p> </td> \n<td style = \"background-color: rgb(252, 252, 252);height: 20px;vertical-align: baseline;\">\n<p>Nam</p> </td> \n</tr>\n<tr>\n<td style = \"    background-color: rgb(252, 252, 252);height: 20px;vertical-align: baseline;\">\n<p>Mặt kính</p> </td> \n<td style = \"background-color: rgb(252, 252, 252);height: 20px;vertical-align: baseline;\">\n<p>Sapphire</p> </td> \n</tr>\n<tr>\n<td style = \"    background-color: rgb(252, 252, 252);height: 20px;vertical-align: baseline;\">\n<p>Vỏ</p> </td> \n<td style = \"background-color: rgb(252, 252, 252);height: 20px;vertical-align: baseline;\">\n<p>Thép không gỉ</p> </td> \n</tr>\n<tr>\n<td style = \"    background-color: rgb(252, 252, 252);height: 20px;vertical-align: baseline;\">\n<p>Đường kính</p> </td> \n<td style = \"background-color: rgb(252, 252, 252);height: 20px;vertical-align: baseline;\">\n<p>40mmX40MM</p> </td> \n</tr>\n<tr>\n<td style = \"    background-color: rgb(252, 252, 252);height: 20px;vertical-align: baseline;\">\n<p>Độ dày</p> </td> \n<td style = \"background-color: rgb(252, 252, 252);height: 20px;vertical-align: baseline;\">\n<p>8mm</p> </td> \n</tr>\n<tr>\n<td style = \"    background-color: rgb(252, 252, 252);height: 20px;vertical-align: baseline;\">\n<p>Độ chịu nước</p> </td> \n<td style = \"background-color: rgb(252, 252, 252);height: 20px;vertical-align: baseline;\">\n<p>5 ATM</p> </td> \n<tr>\n<td style = \"    background-color: rgb(252, 252, 252);height: 20px;vertical-align: baseline;\">\n<p>Bảo hành</p> </td> \n<td style = \"background-color: rgb(252, 252, 252);height: 20px;vertical-align: baseline;\">\n<p>1 năm</p> </td> \n</tr>\n</tr>\n</table>', 20, 0, 1340000, 0, '', 7, '2014-05-20', 0),
(39, 'ĐỒNG HỒ NỮ JA-1129E JULIUS', '1129E-500x515.jpg', '', '<table border=\"0\" cellpadding=\"0\" cellspacing=\"0\" style=\"width:570px\">\n<tr><td rowspan=\"9\" style = \"    background-color: rgb(246, 246, 246);height: 20px;vertical-align: baseline;width: 150px !important;\">\n<p>Thông tin chung</p></td>\n<td style = \"    background-color: rgb(252, 252, 252);height: 20px;vertical-align: baseline;\">\n<p>Thương hiệu :</p> </td> \n<td style = \"background-color: rgb(252, 252, 252);height: 20px;vertical-align: baseline;\">\n<p>JULIUS</p> </td> \n</tr>\n<tr>\n<td style = \"    background-color: rgb(252, 252, 252);height: 20px;vertical-align: baseline;\">\n<p>Loại máy :</p> </td> \n<td style = \"background-color: rgb(252, 252, 252);height: 20px;vertical-align: baseline;\">\n<p>Quartz(chạy pin)</p> </td> \n</tr>\n<tr>\n<td style = \"    background-color: rgb(252, 252, 252);height: 20px;vertical-align: baseline;\">\n<p>Kiểu dáng</p> </td> \n<td style = \"background-color: rgb(252, 252, 252);height: 20px;vertical-align: baseline;\">\n<p>Nam</p> </td> \n</tr>\n<tr>\n<td style = \"    background-color: rgb(252, 252, 252);height: 20px;vertical-align: baseline;\">\n<p>Mặt kính</p> </td> \n<td style = \"background-color: rgb(252, 252, 252);height: 20px;vertical-align: baseline;\">\n<p>Sapphire</p> </td> \n</tr>\n<tr>\n<td style = \"    background-color: rgb(252, 252, 252);height: 20px;vertical-align: baseline;\">\n<p>Vỏ</p> </td> \n<td style = \"background-color: rgb(252, 252, 252);height: 20px;vertical-align: baseline;\">\n<p>Thép không gỉ</p> </td> \n</tr>\n<tr>\n<td style = \"    background-color: rgb(252, 252, 252);height: 20px;vertical-align: baseline;\">\n<p>Đường kính</p> </td> \n<td style = \"background-color: rgb(252, 252, 252);height: 20px;vertical-align: baseline;\">\n<p>40mmX40MM</p> </td> \n</tr>\n<tr>\n<td style = \"    background-color: rgb(252, 252, 252);height: 20px;vertical-align: baseline;\">\n<p>Độ dày</p> </td> \n<td style = \"background-color: rgb(252, 252, 252);height: 20px;vertical-align: baseline;\">\n<p>8mm</p> </td> \n</tr>\n<tr>\n<td style = \"    background-color: rgb(252, 252, 252);height: 20px;vertical-align: baseline;\">\n<p>Độ chịu nước</p> </td> \n<td style = \"background-color: rgb(252, 252, 252);height: 20px;vertical-align: baseline;\">\n<p>5 ATM</p> </td> \n<tr>\n<td style = \"    background-color: rgb(252, 252, 252);height: 20px;vertical-align: baseline;\">\n<p>Bảo hành</p> </td> \n<td style = \"background-color: rgb(252, 252, 252);height: 20px;vertical-align: baseline;\">\n<p>1 năm</p> </td> \n</tr>\n</tr>\n</table>', 20, 0, 1100000, 0, '', 7, '2014-05-20', 0),
(40, 'ĐỒNG HỒ NỮ JA-1129D JULIUS ', '1129D-500x515.jpg', '', '<table border=\"0\" cellpadding=\"0\" cellspacing=\"0\" style=\"width:570px\">\n<tr><td rowspan=\"9\" style = \"    background-color: rgb(246, 246, 246);height: 20px;vertical-align: baseline;width: 150px !important;\">\n<p>Thông tin chung</p></td>\n<td style = \"    background-color: rgb(252, 252, 252);height: 20px;vertical-align: baseline;\">\n<p>Thương hiệu :</p> </td> \n<td style = \"background-color: rgb(252, 252, 252);height: 20px;vertical-align: baseline;\">\n<p>JULIUS</p> </td> \n</tr>\n<tr>\n<td style = \"    background-color: rgb(252, 252, 252);height: 20px;vertical-align: baseline;\">\n<p>Loại máy :</p> </td> \n<td style = \"background-color: rgb(252, 252, 252);height: 20px;vertical-align: baseline;\">\n<p>Quartz(chạy pin)</p> </td> \n</tr>\n<tr>\n<td style = \"    background-color: rgb(252, 252, 252);height: 20px;vertical-align: baseline;\">\n<p>Kiểu dáng</p> </td> \n<td style = \"background-color: rgb(252, 252, 252);height: 20px;vertical-align: baseline;\">\n<p>Nam</p> </td> \n</tr>\n<tr>\n<td style = \"    background-color: rgb(252, 252, 252);height: 20px;vertical-align: baseline;\">\n<p>Mặt kính</p> </td> \n<td style = \"background-color: rgb(252, 252, 252);height: 20px;vertical-align: baseline;\">\n<p>Sapphire</p> </td> \n</tr>\n<tr>\n<td style = \"    background-color: rgb(252, 252, 252);height: 20px;vertical-align: baseline;\">\n<p>Vỏ</p> </td> \n<td style = \"background-color: rgb(252, 252, 252);height: 20px;vertical-align: baseline;\">\n<p>Thép không gỉ</p> </td> \n</tr>\n<tr>\n<td style = \"    background-color: rgb(252, 252, 252);height: 20px;vertical-align: baseline;\">\n<p>Đường kính</p> </td> \n<td style = \"background-color: rgb(252, 252, 252);height: 20px;vertical-align: baseline;\">\n<p>40mmX40MM</p> </td> \n</tr>\n<tr>\n<td style = \"    background-color: rgb(252, 252, 252);height: 20px;vertical-align: baseline;\">\n<p>Độ dày</p> </td> \n<td style = \"background-color: rgb(252, 252, 252);height: 20px;vertical-align: baseline;\">\n<p>8mm</p> </td> \n</tr>\n<tr>\n<td style = \"    background-color: rgb(252, 252, 252);height: 20px;vertical-align: baseline;\">\n<p>Độ chịu nước</p> </td> \n<td style = \"background-color: rgb(252, 252, 252);height: 20px;vertical-align: baseline;\">\n<p>5 ATM</p> </td> \n<tr>\n<td style = \"    background-color: rgb(252, 252, 252);height: 20px;vertical-align: baseline;\">\n<p>Bảo hành</p> </td> \n<td style = \"background-color: rgb(252, 252, 252);height: 20px;vertical-align: baseline;\">\n<p>1 năm</p> </td> \n</tr>\n</tr>\n</table>', 20, 0, 1169000, 0, '', 7, '2014-05-20', 0),
(41, 'ĐỒNG HỒ NỮ JULIUS JA-815D JU994 (TRẮNG)', 'dong-ho-nu-julius-ja-815-ju994-tuyet-dep-2341-500x515.jpg', '', '<table border=\"0\" cellpadding=\"0\" cellspacing=\"0\" style=\"width:570px\">\n<tr><td rowspan=\"9\" style = \"    background-color: rgb(246, 246, 246);height: 20px;vertical-align: baseline;width: 150px !important;\">\n<p>Thông tin chung</p></td>\n<td style = \"    background-color: rgb(252, 252, 252);height: 20px;vertical-align: baseline;\">\n<p>Thương hiệu :</p> </td> \n<td style = \"background-color: rgb(252, 252, 252);height: 20px;vertical-align: baseline;\">\n<p>JULIUS</p> </td> \n</tr>\n<tr>\n<td style = \"    background-color: rgb(252, 252, 252);height: 20px;vertical-align: baseline;\">\n<p>Loại máy :</p> </td> \n<td style = \"background-color: rgb(252, 252, 252);height: 20px;vertical-align: baseline;\">\n<p>Quartz(chạy pin)</p> </td> \n</tr>\n<tr>\n<td style = \"    background-color: rgb(252, 252, 252);height: 20px;vertical-align: baseline;\">\n<p>Kiểu dáng</p> </td> \n<td style = \"background-color: rgb(252, 252, 252);height: 20px;vertical-align: baseline;\">\n<p>Nam</p> </td> \n</tr>\n<tr>\n<td style = \"    background-color: rgb(252, 252, 252);height: 20px;vertical-align: baseline;\">\n<p>Mặt kính</p> </td> \n<td style = \"background-color: rgb(252, 252, 252);height: 20px;vertical-align: baseline;\">\n<p>Sapphire</p> </td> \n</tr>\n<tr>\n<td style = \"    background-color: rgb(252, 252, 252);height: 20px;vertical-align: baseline;\">\n<p>Vỏ</p> </td> \n<td style = \"background-color: rgb(252, 252, 252);height: 20px;vertical-align: baseline;\">\n<p>Thép không gỉ</p> </td> \n</tr>\n<tr>\n<td style = \"    background-color: rgb(252, 252, 252);height: 20px;vertical-align: baseline;\">\n<p>Đường kính</p> </td> \n<td style = \"background-color: rgb(252, 252, 252);height: 20px;vertical-align: baseline;\">\n<p>40mmX40MM</p> </td> \n</tr>\n<tr>\n<td style = \"    background-color: rgb(252, 252, 252);height: 20px;vertical-align: baseline;\">\n<p>Độ dày</p> </td> \n<td style = \"background-color: rgb(252, 252, 252);height: 20px;vertical-align: baseline;\">\n<p>8mm</p> </td> \n</tr>\n<tr>\n<td style = \"    background-color: rgb(252, 252, 252);height: 20px;vertical-align: baseline;\">\n<p>Độ chịu nước</p> </td> \n<td style = \"background-color: rgb(252, 252, 252);height: 20px;vertical-align: baseline;\">\n<p>5 ATM</p> </td> \n<tr>\n<td style = \"    background-color: rgb(252, 252, 252);height: 20px;vertical-align: baseline;\">\n<p>Bảo hành</p> </td> \n<td style = \"background-color: rgb(252, 252, 252);height: 20px;vertical-align: baseline;\">\n<p>1 năm</p> </td> \n</tr>\n</tr>\n</table>', 20, 0, 1100000, 0, '', 7, '2014-05-20', 0),
(42, 'ĐỒNG HỒ NỮ JA-1129A JULIUS ', '1129A-500x515.jpg', '', '<table border=\"0\" cellpadding=\"0\" cellspacing=\"0\" style=\"width:570px\">\n<tr><td rowspan=\"9\" style = \"    background-color: rgb(246, 246, 246);height: 20px;vertical-align: baseline;width: 150px !important;\">\n<p>Thông tin chung</p></td>\n<td style = \"    background-color: rgb(252, 252, 252);height: 20px;vertical-align: baseline;\">\n<p>Thương hiệu :</p> </td> \n<td style = \"background-color: rgb(252, 252, 252);height: 20px;vertical-align: baseline;\">\n<p>JULIUS</p> </td> \n</tr>\n<tr>\n<td style = \"    background-color: rgb(252, 252, 252);height: 20px;vertical-align: baseline;\">\n<p>Loại máy :</p> </td> \n<td style = \"background-color: rgb(252, 252, 252);height: 20px;vertical-align: baseline;\">\n<p>Quartz(chạy pin)</p> </td> \n</tr>\n<tr>\n<td style = \"    background-color: rgb(252, 252, 252);height: 20px;vertical-align: baseline;\">\n<p>Kiểu dáng</p> </td> \n<td style = \"background-color: rgb(252, 252, 252);height: 20px;vertical-align: baseline;\">\n<p>Nam</p> </td> \n</tr>\n<tr>\n<td style = \"    background-color: rgb(252, 252, 252);height: 20px;vertical-align: baseline;\">\n<p>Mặt kính</p> </td> \n<td style = \"background-color: rgb(252, 252, 252);height: 20px;vertical-align: baseline;\">\n<p>Sapphire</p> </td> \n</tr>\n<tr>\n<td style = \"    background-color: rgb(252, 252, 252);height: 20px;vertical-align: baseline;\">\n<p>Vỏ</p> </td> \n<td style = \"background-color: rgb(252, 252, 252);height: 20px;vertical-align: baseline;\">\n<p>Thép không gỉ</p> </td> \n</tr>\n<tr>\n<td style = \"    background-color: rgb(252, 252, 252);height: 20px;vertical-align: baseline;\">\n<p>Đường kính</p> </td> \n<td style = \"background-color: rgb(252, 252, 252);height: 20px;vertical-align: baseline;\">\n<p>40mmX40MM</p> </td> \n</tr>\n<tr>\n<td style = \"    background-color: rgb(252, 252, 252);height: 20px;vertical-align: baseline;\">\n<p>Độ dày</p> </td> \n<td style = \"background-color: rgb(252, 252, 252);height: 20px;vertical-align: baseline;\">\n<p>8mm</p> </td> \n</tr>\n<tr>\n<td style = \"    background-color: rgb(252, 252, 252);height: 20px;vertical-align: baseline;\">\n<p>Độ chịu nước</p> </td> \n<td style = \"background-color: rgb(252, 252, 252);height: 20px;vertical-align: baseline;\">\n<p>5 ATM</p> </td> \n<tr>\n<td style = \"    background-color: rgb(252, 252, 252);height: 20px;vertical-align: baseline;\">\n<p>Bảo hành</p> </td> \n<td style = \"background-color: rgb(252, 252, 252);height: 20px;vertical-align: baseline;\">\n<p>1 năm</p> </td> \n</tr>\n</tr>\n</table>', 20, 0, 949000, 0, '', 7, '2014-05-20', 0);
INSERT INTO `sanpham` (`idsp`, `tensp`, `hinhanh`, `mau`, `chitiet`, `soluong`, `daban`, `gia`, `khuyenmai1`, `khuyenmai2`, `madm`, `ngaycapnhat`, `trangthai`) VALUES
(43, 'ĐỒNG HỒ NỮ JA-1126C JULIUS', '1126C-500x515.jpg', '', '<table border=\"0\" cellpadding=\"0\" cellspacing=\"0\" style=\"width:570px\">\n<tr><td rowspan=\"9\" style = \"    background-color: rgb(246, 246, 246);height: 20px;vertical-align: baseline;width: 150px !important;\">\n<p>Thông tin chung</p></td>\n<td style = \"    background-color: rgb(252, 252, 252);height: 20px;vertical-align: baseline;\">\n<p>Thương hiệu :</p> </td> \n<td style = \"background-color: rgb(252, 252, 252);height: 20px;vertical-align: baseline;\">\n<p>JULIUS</p> </td> \n</tr>\n<tr>\n<td style = \"    background-color: rgb(252, 252, 252);height: 20px;vertical-align: baseline;\">\n<p>Loại máy :</p> </td> \n<td style = \"background-color: rgb(252, 252, 252);height: 20px;vertical-align: baseline;\">\n<p>Quartz(chạy pin)</p> </td> \n</tr>\n<tr>\n<td style = \"    background-color: rgb(252, 252, 252);height: 20px;vertical-align: baseline;\">\n<p>Kiểu dáng</p> </td> \n<td style = \"background-color: rgb(252, 252, 252);height: 20px;vertical-align: baseline;\">\n<p>Nam</p> </td> \n</tr>\n<tr>\n<td style = \"    background-color: rgb(252, 252, 252);height: 20px;vertical-align: baseline;\">\n<p>Mặt kính</p> </td> \n<td style = \"background-color: rgb(252, 252, 252);height: 20px;vertical-align: baseline;\">\n<p>Sapphire</p> </td> \n</tr>\n<tr>\n<td style = \"    background-color: rgb(252, 252, 252);height: 20px;vertical-align: baseline;\">\n<p>Vỏ</p> </td> \n<td style = \"background-color: rgb(252, 252, 252);height: 20px;vertical-align: baseline;\">\n<p>Thép không gỉ</p> </td> \n</tr>\n<tr>\n<td style = \"    background-color: rgb(252, 252, 252);height: 20px;vertical-align: baseline;\">\n<p>Đường kính</p> </td> \n<td style = \"background-color: rgb(252, 252, 252);height: 20px;vertical-align: baseline;\">\n<p>40mmX40MM</p> </td> \n</tr>\n<tr>\n<td style = \"    background-color: rgb(252, 252, 252);height: 20px;vertical-align: baseline;\">\n<p>Độ dày</p> </td> \n<td style = \"background-color: rgb(252, 252, 252);height: 20px;vertical-align: baseline;\">\n<p>8mm</p> </td> \n</tr>\n<tr>\n<td style = \"    background-color: rgb(252, 252, 252);height: 20px;vertical-align: baseline;\">\n<p>Độ chịu nước</p> </td> \n<td style = \"background-color: rgb(252, 252, 252);height: 20px;vertical-align: baseline;\">\n<p>5 ATM</p> </td> \n<tr>\n<td style = \"    background-color: rgb(252, 252, 252);height: 20px;vertical-align: baseline;\">\n<p>Bảo hành</p> </td> \n<td style = \"background-color: rgb(252, 252, 252);height: 20px;vertical-align: baseline;\">\n<p>1 năm</p> </td> \n</tr>\n</tr>\n</table>', 20, 0, 1100000, 0, '', 7, '2014-05-20', 0),
(44, 'SMARTWATCH DMT09 - MÀU BẠC', 'dien-thoai-dong-ho-thong-minh-smartwatch-dmt09_medium.jpg', '', '<table border=\"0\" cellpadding=\"0\" cellspacing=\"0\" style=\"width:570px\">\n<tr><td rowspan=\"9\" style = \"    background-color: rgb(246, 246, 246);height: 20px;vertical-align: baseline;width: 150px !important;\">\n<p>Thông tin chung</p></td>\n<td style = \"    background-color: rgb(252, 252, 252);height: 20px;vertical-align: baseline;\">\n<p>Thương hiệu :</p> </td> \n<td style = \"background-color: rgb(252, 252, 252);height: 20px;vertical-align: baseline;\">\n<p>SMARTWATCH</p> </td> \n</tr>\n<tr>\n<td style = \"    background-color: rgb(252, 252, 252);height: 20px;vertical-align: baseline;\">\n<p>Loại máy :</p> </td> \n<td style = \"background-color: rgb(252, 252, 252);height: 20px;vertical-align: baseline;\">\n<p>Quartz(chạy pin)</p> </td> \n</tr>\n<tr>\n<td style = \"    background-color: rgb(252, 252, 252);height: 20px;vertical-align: baseline;\">\n<p>Kiểu dáng</p> </td> \n<td style = \"background-color: rgb(252, 252, 252);height: 20px;vertical-align: baseline;\">\n<p>Nam</p> </td> \n</tr>\n<tr>\n<td style = \"    background-color: rgb(252, 252, 252);height: 20px;vertical-align: baseline;\">\n<p>Mặt kính</p> </td> \n<td style = \"background-color: rgb(252, 252, 252);height: 20px;vertical-align: baseline;\">\n<p>Nhựa</p> </td> \n</tr>\n<tr>\n<td style = \"    background-color: rgb(252, 252, 252);height: 20px;vertical-align: baseline;\">\n<p>Vỏ</p> </td> \n<td style = \"background-color: rgb(252, 252, 252);height: 20px;vertical-align: baseline;\">\n<p>Thép không gỉ</p> </td> \n</tr>\n<tr>\n<td style = \"    background-color: rgb(252, 252, 252);height: 20px;vertical-align: baseline;\">\n<p>Đường kính</p> </td> \n<td style = \"background-color: rgb(252, 252, 252);height: 20px;vertical-align: baseline;\">\n<p>30mmX30MM</p> </td> \n</tr>\n<tr>\n<td style = \"    background-color: rgb(252, 252, 252);height: 20px;vertical-align: baseline;\">\n<p>Độ dày</p> </td> \n<td style = \"background-color: rgb(252, 252, 252);height: 20px;vertical-align: baseline;\">\n<p>5mm</p> </td> \n</tr>\n<tr>\n<td style = \"    background-color: rgb(252, 252, 252);height: 20px;vertical-align: baseline;\">\n<p>Độ chịu nước</p> </td> \n<td style = \"background-color: rgb(252, 252, 252);height: 20px;vertical-align: baseline;\">\n<p>5 ATM</p> </td> \n<tr>\n<td style = \"    background-color: rgb(252, 252, 252);height: 20px;vertical-align: baseline;\">\n<p>Bảo hành</p> </td> \n<td style = \"background-color: rgb(252, 252, 252);height: 20px;vertical-align: baseline;\">\n<p>6 tháng</p> </td> \n</tr>\n</tr>\n</table>', 20, 1, 290000, 0, '', 8, '2014-05-20', 0),
(45, 'SMARTWATCH DMT09 - ĐEN BLACK', 'noi-ban-dong-ho-thong-minh-dmt09-black-tot-nhat-gia-re_master.jpg', '', '<table border=\"0\" cellpadding=\"0\" cellspacing=\"0\" style=\"width:570px\">\n<tr><td rowspan=\"9\" style = \"    background-color: rgb(246, 246, 246);height: 20px;vertical-align: baseline;width: 150px !important;\">\n<p>Thông tin chung</p></td>\n<td style = \"    background-color: rgb(252, 252, 252);height: 20px;vertical-align: baseline;\">\n<p>Thương hiệu :</p> </td> \n<td style = \"background-color: rgb(252, 252, 252);height: 20px;vertical-align: baseline;\">\n<p>SMARTWATCH</p> </td> \n</tr>\n<tr>\n<td style = \"    background-color: rgb(252, 252, 252);height: 20px;vertical-align: baseline;\">\n<p>Loại máy :</p> </td> \n<td style = \"background-color: rgb(252, 252, 252);height: 20px;vertical-align: baseline;\">\n<p>Quartz(chạy pin)</p> </td> \n</tr>\n<tr>\n<td style = \"    background-color: rgb(252, 252, 252);height: 20px;vertical-align: baseline;\">\n<p>Kiểu dáng</p> </td> \n<td style = \"background-color: rgb(252, 252, 252);height: 20px;vertical-align: baseline;\">\n<p>Nam</p> </td> \n</tr>\n<tr>\n<td style = \"    background-color: rgb(252, 252, 252);height: 20px;vertical-align: baseline;\">\n<p>Mặt kính</p> </td> \n<td style = \"background-color: rgb(252, 252, 252);height: 20px;vertical-align: baseline;\">\n<p>Nhựa</p> </td> \n</tr>\n<tr>\n<td style = \"    background-color: rgb(252, 252, 252);height: 20px;vertical-align: baseline;\">\n<p>Vỏ</p> </td> \n<td style = \"background-color: rgb(252, 252, 252);height: 20px;vertical-align: baseline;\">\n<p>Thép không gỉ</p> </td> \n</tr>\n<tr>\n<td style = \"    background-color: rgb(252, 252, 252);height: 20px;vertical-align: baseline;\">\n<p>Đường kính</p> </td> \n<td style = \"background-color: rgb(252, 252, 252);height: 20px;vertical-align: baseline;\">\n<p>30mmX30MM</p> </td> \n</tr>\n<tr>\n<td style = \"    background-color: rgb(252, 252, 252);height: 20px;vertical-align: baseline;\">\n<p>Độ dày</p> </td> \n<td style = \"background-color: rgb(252, 252, 252);height: 20px;vertical-align: baseline;\">\n<p>5mm</p> </td> \n</tr>\n<tr>\n<td style = \"    background-color: rgb(252, 252, 252);height: 20px;vertical-align: baseline;\">\n<p>Độ chịu nước</p> </td> \n<td style = \"background-color: rgb(252, 252, 252);height: 20px;vertical-align: baseline;\">\n<p>5 ATM</p> </td> \n<tr>\n<td style = \"    background-color: rgb(252, 252, 252);height: 20px;vertical-align: baseline;\">\n<p>Bảo hành</p> </td> \n<td style = \"background-color: rgb(252, 252, 252);height: 20px;vertical-align: baseline;\">\n<p>6 tháng</p> </td> \n</tr>\n</tr>\n</table>', 20, 0, 289000, 0, '', 8, '2014-05-20', 0),
(46, 'SMARTWATCH DMT09 - MÀU VÀNG ĐỒNG', '-ho-dien-thoai-cam-ung-dmt09-mau-vang-thoi-trang-hop-voi-nhung-ban-tre_master.jpg', '', '<table border=\"0\" cellpadding=\"0\" cellspacing=\"0\" style=\"width:570px\">\r\n	<tbody>\r\n		<tr>\r\n			<td rowspan=\"2\" style=\"background-color:rgb(246, 246, 246); height:20px; vertical-align:baseline; width:150px !important\">\r\n			<p>Th&ocirc;ng tin chung</p>\r\n			</td>\r\n			<td style=\"background-color:rgb(252, 252, 252); height:20px; vertical-align:baseline\">Hệ điều h&agrave;nh</td>\r\n			<td style=\"background-color:rgb(252, 252, 252); height:20px; vertical-align:baseline\">Android 4.2.2 (Jelly Bean)</td>\r\n		</tr>\r\n		<tr>\r\n			<td style=\"background-color:rgb(252, 252, 252); border-color:rgb(255, 255, 255); height:20px; vertical-align:baseline\">\r\n			<p>Ng&ocirc;n ngữ</p>\r\n			</td>\r\n			<td style=\"background-color:rgb(252, 252, 252); border-color:rgb(255, 255, 255); height:20px; vertical-align:baseline\">Tiếng Việt, Tiếng Anh</td>\r\n		</tr>\r\n		<tr>\r\n			<td rowspan=\"6\" style=\"background-color:rgb(246, 246, 246); height:20px; vertical-align:baseline; width:150px !important\">\r\n			<p>M&agrave;n h&igrave;nh</p>\r\n			</td>\r\n			<td style=\"background-color:rgb(252, 252, 252); height:20px; vertical-align:baseline\">Loại m&agrave;n h&igrave;nh</td>\r\n			<td style=\"background-color:rgb(252, 252, 252); height:20px; vertical-align:baseline\">TFT</td>\r\n		</tr>\r\n		<tr>\r\n			<td style=\"background-color:rgb(252, 252, 252); border-color:rgb(255, 255, 255); height:20px; vertical-align:baseline\">\r\n			<p>M&agrave;u m&agrave;n h&igrave;nh</p>\r\n			</td>\r\n			<td style=\"background-color:rgb(252, 252, 252); border-color:rgb(255, 255, 255); height:20px; vertical-align:baseline\">16 triệu m&agrave;u</td>\r\n		</tr>\r\n		<tr>\r\n			<td style=\"background-color:rgb(252, 252, 252); border-color:rgb(255, 255, 255); height:20px; vertical-align:baseline\">\r\n			<p>Chuẩn m&agrave;n h&igrave;nh</p>\r\n			</td>\r\n			<td style=\"background-color:rgb(252, 252, 252); border-color:rgb(255, 255, 255); height:20px; vertical-align:baseline\">Full HD</td>\r\n		</tr>\r\n		<tr>\r\n			<td style=\"background-color:rgb(252, 252, 252); border-color:rgb(255, 255, 255); height:20px; vertical-align:baseline\">\r\n			<p>Độ ph&acirc;n giải</p>\r\n			</td>\r\n			<td style=\"background-color:rgb(252, 252, 252); border-color:rgb(255, 255, 255); height:20px; vertical-align:baseline\">1080 x 1920 pixels</td>\r\n		</tr>\r\n		<tr>\r\n			<td style=\"background-color:rgb(252, 252, 252); border-color:rgb(255, 255, 255); height:20px; vertical-align:baseline\">\r\n			<p>M&agrave;n h&igrave;nh rộng</p>\r\n			</td>\r\n			<td style=\"background-color:rgb(252, 252, 252); border-color:rgb(255, 255, 255); height:20px; vertical-align:baseline\">5.0&quot;</td>\r\n		</tr>\r\n		<tr>\r\n			<td style=\"background-color:rgb(252, 252, 252); border-color:rgb(255, 255, 255); height:20px; vertical-align:baseline\">\r\n			<p>C&ocirc;ng nghệ cảm ứng</p>\r\n			</td>\r\n			<td style=\"background-color:rgb(252, 252, 252); border-color:rgb(255, 255, 255); height:20px; vertical-align:baseline\">Cảm ứng điện dung đa điểm</td>\r\n		</tr>\r\n		<tr>\r\n			<td rowspan=\"6\" style=\"background-color:rgb(246, 246, 246); height:20px; vertical-align:baseline; width:150px !important\">\r\n			<p>Chụp h&igrave;nh &amp; Quay phim</p>\r\n			</td>\r\n			<td style=\"background-color:rgb(252, 252, 252); height:20px; vertical-align:baseline\">Camera sau</td>\r\n			<td style=\"background-color:rgb(252, 252, 252); height:20px; vertical-align:baseline\">20.7 MP</td>\r\n		</tr>\r\n		<tr>\r\n			<td style=\"background-color:rgb(252, 252, 252); border-color:rgb(255, 255, 255); height:20px; vertical-align:baseline\">\r\n			<p>Camera trước</p>\r\n			</td>\r\n			<td style=\"background-color:rgb(252, 252, 252); border-color:rgb(255, 255, 255); height:20px; vertical-align:baseline\">2.0 MP</td>\r\n		</tr>\r\n		<tr>\r\n			<td style=\"background-color:rgb(252, 252, 252); border-color:rgb(255, 255, 255); height:20px; vertical-align:baseline\">\r\n			<p>Đ&egrave;n Flash</p>\r\n			</td>\r\n			<td style=\"background-color:rgb(252, 252, 252); border-color:rgb(255, 255, 255); height:20px; vertical-align:baseline\">C&oacute;</td>\r\n		</tr>\r\n		<tr>\r\n			<td style=\"background-color:rgb(252, 252, 252); border-color:rgb(255, 255, 255); height:20px; vertical-align:baseline\">\r\n			<p>T&iacute;nh năng camera</p>\r\n			</td>\r\n			<td style=\"background-color:rgb(252, 252, 252); border-color:rgb(255, 255, 255); height:20px; vertical-align:baseline\">Tự động lấy n&eacute;t, chạm lấy n&eacute;t<br />\r\n			Nhận diện khu&ocirc;n mặt, nụ cười<br />\r\n			Chống rung</td>\r\n		</tr>\r\n		<tr>\r\n			<td style=\"background-color:rgb(252, 252, 252); border-color:rgb(255, 255, 255); height:20px; vertical-align:baseline\">\r\n			<p>Quay phim</p>\r\n			</td>\r\n			<td style=\"background-color:rgb(252, 252, 252); border-color:rgb(255, 255, 255); height:20px; vertical-align:baseline\">Quay phim FullHD 1080p@30fps</td>\r\n		</tr>\r\n		<tr>\r\n			<td style=\"background-color:rgb(252, 252, 252); border-color:rgb(255, 255, 255); height:20px; vertical-align:baseline\">\r\n			<p>Videocall</p>\r\n			</td>\r\n			<td style=\"background-color:rgb(252, 252, 252); border-color:rgb(255, 255, 255); height:20px; vertical-align:baseline\">Hỗ trợ VideoCall qua Skype</td>\r\n		</tr>\r\n		<tr>\r\n			<td rowspan=\"5\" style=\"background-color:rgb(246, 246, 246); height:20px; vertical-align:baseline; width:150px !important\">\r\n			<p>CPU &amp; RAM</p>\r\n			</td>\r\n			<td style=\"background-color:rgb(252, 252, 252); height:20px; vertical-align:baseline\">Tốc độ CPU</td>\r\n			<td style=\"background-color:rgb(252, 252, 252); height:20px; vertical-align:baseline\">2.2 GHz</td>\r\n		</tr>\r\n		<tr>\r\n			<td style=\"background-color:rgb(252, 252, 252); border-color:rgb(255, 255, 255); height:20px; vertical-align:baseline\">\r\n			<p>Số nh&acirc;n</p>\r\n			</td>\r\n			<td style=\"background-color:rgb(252, 252, 252); border-color:rgb(255, 255, 255); height:20px; vertical-align:baseline\">4 nh&acirc;n</td>\r\n		</tr>\r\n		<tr>\r\n			<td style=\"background-color:rgb(252, 252, 252); border-color:rgb(255, 255, 255); height:20px; vertical-align:baseline\">\r\n			<p>Chipset</p>\r\n			</td>\r\n			<td style=\"background-color:rgb(252, 252, 252); border-color:rgb(255, 255, 255); height:20px; vertical-align:baseline\">Qualcomm MSM8974</td>\r\n		</tr>\r\n		<tr>\r\n			<td style=\"background-color:rgb(252, 252, 252); border-color:rgb(255, 255, 255); height:20px; vertical-align:baseline\">\r\n			<p>RAM</p>\r\n			</td>\r\n			<td style=\"background-color:rgb(252, 252, 252); border-color:rgb(255, 255, 255); height:20px; vertical-align:baseline\">2 GB</td>\r\n		</tr>\r\n		<tr>\r\n			<td style=\"background-color:rgb(252, 252, 252); border-color:rgb(255, 255, 255); height:20px; vertical-align:baseline\">\r\n			<p>Chip đồ họa (GPU)</p>\r\n			</td>\r\n			<td style=\"background-color:rgb(252, 252, 252); border-color:rgb(255, 255, 255); height:20px; vertical-align:baseline\">Adreno 330</td>\r\n		</tr>\r\n		<tr>\r\n			<td rowspan=\"4\" style=\"background-color:rgb(246, 246, 246); height:20px; vertical-align:baseline; width:150px !important\">\r\n			<p>Bộ nhớ &amp; Lưu trữ</p>\r\n			</td>\r\n			<td style=\"background-color:rgb(252, 252, 252); height:20px; vertical-align:baseline\">Danh bạ</td>\r\n			<td style=\"background-color:rgb(252, 252, 252); height:20px; vertical-align:baseline\">Kh&ocirc;ng giới hạn</td>\r\n		</tr>\r\n		<tr>\r\n			<td style=\"background-color:rgb(252, 252, 252); border-color:rgb(255, 255, 255); height:20px; vertical-align:baseline\">\r\n			<p>Bộ nhớ trong (ROM)</p>\r\n			</td>\r\n			<td style=\"background-color:rgb(252, 252, 252); border-color:rgb(255, 255, 255); height:20px; vertical-align:baseline\">16 GB</td>\r\n		</tr>\r\n		<tr>\r\n			<td style=\"background-color:rgb(252, 252, 252); border-color:rgb(255, 255, 255); height:20px; vertical-align:baseline\">\r\n			<p>Thẻ nhớ ngo&agrave;i</p>\r\n			</td>\r\n			<td style=\"background-color:rgb(252, 252, 252); border-color:rgb(255, 255, 255); height:20px; vertical-align:baseline\">MicroSD (T-Flash)</td>\r\n		</tr>\r\n		<tr>\r\n			<td style=\"background-color:rgb(252, 252, 252); border-color:rgb(255, 255, 255); height:20px; vertical-align:baseline\">\r\n			<p>Hỗ trợ thẻ tối đa</p>\r\n			</td>\r\n			<td style=\"background-color:rgb(252, 252, 252); border-color:rgb(255, 255, 255); height:20px; vertical-align:baseline\">64 GB</td>\r\n		</tr>\r\n		<tr>\r\n			<td rowspan=\"3\" style=\"background-color:rgb(246, 246, 246); height:20px; vertical-align:baseline; width:150px !important\">\r\n			<p>Thiết kế &amp; Trọng lượng</p>\r\n			</td>\r\n			<td style=\"background-color:rgb(252, 252, 252); height:20px; vertical-align:baseline\">Kiểu d&aacute;ng</td>\r\n			<td style=\"background-color:rgb(252, 252, 252); height:20px; vertical-align:baseline\">Thanh + Cảm ứng</td>\r\n		</tr>\r\n		<tr>\r\n			<td style=\"background-color:rgb(252, 252, 252); border-color:rgb(255, 255, 255); height:20px; vertical-align:baseline\">\r\n			<p>K&iacute;ch thước</p>\r\n			</td>\r\n			<td style=\"background-color:rgb(252, 252, 252); border-color:rgb(255, 255, 255); height:20px; vertical-align:baseline\">144 x 74 x 8.5 mm</td>\r\n		</tr>\r\n		<tr>\r\n			<td style=\"background-color:rgb(252, 252, 252); border-color:rgb(255, 255, 255); height:20px; vertical-align:baseline\">\r\n			<p>Trọng lượng (g)</p>\r\n			</td>\r\n			<td style=\"background-color:rgb(252, 252, 252); border-color:rgb(255, 255, 255); height:20px; vertical-align:baseline\">170</td>\r\n		</tr>\r\n		<tr>\r\n			<td rowspan=\"3\" style=\"background-color:rgb(246, 246, 246); height:20px; vertical-align:baseline; width:150px !important\">\r\n			<p>Th&ocirc;ng tin pin</p>\r\n			</td>\r\n			<td style=\"background-color:rgb(252, 252, 252); height:20px; vertical-align:baseline\">Loại pin</td>\r\n			<td style=\"background-color:rgb(252, 252, 252); height:20px; vertical-align:baseline\">Pin chuẩn Li-Ion</td>\r\n		</tr>\r\n		<tr>\r\n			<td style=\"background-color:rgb(252, 252, 252); border-color:rgb(255, 255, 255); height:20px; vertical-align:baseline\">\r\n			<p>Dung lượng pin</p>\r\n			</td>\r\n			<td style=\"background-color:rgb(252, 252, 252); border-color:rgb(255, 255, 255); height:20px; vertical-align:baseline\">3000 mAh</td>\r\n		</tr>\r\n		<tr>\r\n			<td style=\"background-color:rgb(252, 252, 252); border-color:rgb(255, 255, 255); height:20px; vertical-align:baseline\">\r\n			<p>Pin c&oacute; thể th&aacute;o rời</p>\r\n			</td>\r\n			<td style=\"background-color:rgb(252, 252, 252); border-color:rgb(255, 255, 255); height:20px; vertical-align:baseline\">Kh&ocirc;ng</td>\r\n		</tr>\r\n		<tr>\r\n			<td rowspan=\"13\" style=\"background-color:rgb(246, 246, 246); height:20px; vertical-align:baseline; width:150px !important\">\r\n			<p>Kết nối &amp; Cổng giao tiếp</p>\r\n			</td>\r\n			<td style=\"background-color:rgb(252, 252, 252); height:20px; vertical-align:baseline\">3G</td>\r\n			<td style=\"background-color:rgb(252, 252, 252); height:20px; vertical-align:baseline\">HSDPA, 42 Mbps; HSUPA, 5.76 Mbps</td>\r\n		</tr>\r\n		<tr>\r\n			<td style=\"background-color:rgb(252, 252, 252); border-color:rgb(255, 255, 255); height:20px; vertical-align:baseline\">\r\n			<p>4G</p>\r\n			</td>\r\n			<td style=\"background-color:rgb(252, 252, 252); border-color:rgb(255, 255, 255); height:20px; vertical-align:baseline\">C&oacute;</td>\r\n		</tr>\r\n		<tr>\r\n			<td style=\"background-color:rgb(252, 252, 252); border-color:rgb(255, 255, 255); height:20px; vertical-align:baseline\">\r\n			<p>Loại Sim</p>\r\n			</td>\r\n			<td style=\"background-color:rgb(252, 252, 252); border-color:rgb(255, 255, 255); height:20px; vertical-align:baseline\">Micro SIM</td>\r\n		</tr>\r\n		<tr>\r\n			<td style=\"background-color:rgb(252, 252, 252); border-color:rgb(255, 255, 255); height:20px; vertical-align:baseline\">\r\n			<p>Khe gắn Sim</p>\r\n			</td>\r\n			<td style=\"background-color:rgb(252, 252, 252); border-color:rgb(255, 255, 255); height:20px; vertical-align:baseline\">1 Sim</td>\r\n		</tr>\r\n		<tr>\r\n			<td style=\"background-color:rgb(252, 252, 252); border-color:rgb(255, 255, 255); height:20px; vertical-align:baseline\">\r\n			<p>Wifi</p>\r\n			</td>\r\n			<td style=\"background-color:rgb(252, 252, 252); border-color:rgb(255, 255, 255); height:20px; vertical-align:baseline\">Wi-Fi 802.11 a/b/g/n/ac, dual-band, DLNA, Wi-Fi Direct, Wi-Fi hotspot</td>\r\n		</tr>\r\n		<tr>\r\n			<td style=\"background-color:rgb(252, 252, 252); border-color:rgb(255, 255, 255); height:20px; vertical-align:baseline\">\r\n			<p>GPS</p>\r\n			</td>\r\n			<td style=\"background-color:rgb(252, 252, 252); border-color:rgb(255, 255, 255); height:20px; vertical-align:baseline\">A-GPS v&agrave; GLONASS</td>\r\n		</tr>\r\n		<tr>\r\n			<td style=\"background-color:rgb(252, 252, 252); border-color:rgb(255, 255, 255); height:20px; vertical-align:baseline\">\r\n			<p>Bluetooth</p>\r\n			</td>\r\n			<td style=\"background-color:rgb(252, 252, 252); border-color:rgb(255, 255, 255); height:20px; vertical-align:baseline\">V4.0 with A2DP</td>\r\n		</tr>\r\n		<tr>\r\n			<td style=\"background-color:rgb(252, 252, 252); border-color:rgb(255, 255, 255); height:20px; vertical-align:baseline\">\r\n			<p>GPRS/EDGE</p>\r\n			</td>\r\n			<td style=\"background-color:rgb(252, 252, 252); border-color:rgb(255, 255, 255); height:20px; vertical-align:baseline\">Up to 107 kbps / Up to 296 kbps</td>\r\n		</tr>\r\n		<tr>\r\n			<td style=\"background-color:rgb(252, 252, 252); border-color:rgb(255, 255, 255); height:20px; vertical-align:baseline\">\r\n			<p>Jack tai nghe</p>\r\n			</td>\r\n			<td style=\"background-color:rgb(252, 252, 252); border-color:rgb(255, 255, 255); height:20px; vertical-align:baseline\">3.5 mm</td>\r\n		</tr>\r\n		<tr>\r\n			<td style=\"background-color:rgb(252, 252, 252); border-color:rgb(255, 255, 255); height:20px; vertical-align:baseline\">\r\n			<p>NFC</p>\r\n			</td>\r\n			<td style=\"background-color:rgb(252, 252, 252); border-color:rgb(255, 255, 255); height:20px; vertical-align:baseline\">C&oacute;</td>\r\n		</tr>\r\n		<tr>\r\n			<td style=\"background-color:rgb(252, 252, 252); border-color:rgb(255, 255, 255); height:20px; vertical-align:baseline\">\r\n			<p>Kết nối USB</p>\r\n			</td>\r\n			<td style=\"background-color:rgb(252, 252, 252); border-color:rgb(255, 255, 255); height:20px; vertical-align:baseline\">Micro USB</td>\r\n		</tr>\r\n		<tr>\r\n			<td style=\"background-color:rgb(252, 252, 252); border-color:rgb(255, 255, 255); height:20px; vertical-align:baseline\">\r\n			<p>Kết nối kh&aacute;c</p>\r\n			</td>\r\n			<td style=\"background-color:rgb(252, 252, 252); border-color:rgb(255, 255, 255); height:20px; vertical-align:baseline\">Kh&ocirc;ng</td>\r\n		</tr>\r\n		<tr>\r\n			<td style=\"background-color:rgb(252, 252, 252); border-color:rgb(255, 255, 255); height:20px; vertical-align:baseline\">\r\n			<p>Cổng sạc</p>\r\n			</td>\r\n			<td style=\"background-color:rgb(252, 252, 252); border-color:rgb(255, 255, 255); height:20px; vertical-align:baseline\">Micro USB</td>\r\n		</tr>\r\n		<tr>\r\n			<td rowspan=\"6\" style=\"background-color:rgb(246, 246, 246); height:20px; vertical-align:baseline; width:150px !important\">\r\n			<p>Giải tr&iacute; &amp; Ứng dụng</p>\r\n			</td>\r\n			<td style=\"background-color:rgb(252, 252, 252); height:20px; vertical-align:baseline\">Xem phim</td>\r\n			<td style=\"background-color:rgb(252, 252, 252); height:20px; vertical-align:baseline\">MP4, WMV, H.263, H.264(MPEG4-AVC)</td>\r\n		</tr>\r\n		<tr>\r\n			<td style=\"background-color:rgb(252, 252, 252); border-color:rgb(255, 255, 255); height:20px; vertical-align:baseline\">\r\n			<p>Nghe nhạc</p>\r\n			</td>\r\n			<td style=\"background-color:rgb(252, 252, 252); border-color:rgb(255, 255, 255); height:20px; vertical-align:baseline\">MP3, WAV, WMA, eAAC+, FLAC</td>\r\n		</tr>\r\n		<tr>\r\n			<td style=\"background-color:rgb(252, 252, 252); border-color:rgb(255, 255, 255); height:20px; vertical-align:baseline\">\r\n			<p>Ghi &acirc;m</p>\r\n			</td>\r\n			<td style=\"background-color:rgb(252, 252, 252); border-color:rgb(255, 255, 255); height:20px; vertical-align:baseline\">C&oacute;</td>\r\n		</tr>\r\n		<tr>\r\n			<td style=\"background-color:rgb(252, 252, 252); border-color:rgb(255, 255, 255); height:20px; vertical-align:baseline\">\r\n			<p>Giới hạn cuộc gọi</p>\r\n			</td>\r\n			<td style=\"background-color:rgb(252, 252, 252); border-color:rgb(255, 255, 255); height:20px; vertical-align:baseline\">Kh&ocirc;ng</td>\r\n		</tr>\r\n		<tr>\r\n			<td style=\"background-color:rgb(252, 252, 252); border-color:rgb(255, 255, 255); height:20px; vertical-align:baseline\">\r\n			<p>FM radio</p>\r\n			</td>\r\n			<td style=\"background-color:rgb(252, 252, 252); border-color:rgb(255, 255, 255); height:20px; vertical-align:baseline\">FM radio với RDS</td>\r\n		</tr>\r\n		<tr>\r\n			<td style=\"background-color:rgb(252, 252, 252); border-color:rgb(255, 255, 255); height:20px; vertical-align:baseline\">\r\n			<p>Chức năng kh&aacute;c</p>\r\n			</td>\r\n			<td style=\"background-color:rgb(252, 252, 252); border-color:rgb(255, 255, 255); height:20px; vertical-align:baseline\">Mạng x&atilde; hội ảo<br />\r\n			Google Search, Maps, Gmail, YouTube, Calendar, Google Talk<br />\r\n			Micro chuy&ecirc;n dụng chống ồn</td>\r\n		</tr>\r\n	</tbody>\r\n</table>\r\n', 20, 0, 289000, 0, '', 8, '2014-05-20', 0),
(47, 'SMART WATCH SA1 - MÀU HỒNG PINK', 'sieu-pham-gia-re-dong-ho-thong-minh-smart-watch-sa1-mau-hong_master.jpg', '', '<table border=\"0\" cellpadding=\"0\" cellspacing=\"0\" style=\"width:570px\">\n<tr><td rowspan=\"9\" style = \"    background-color: rgb(246, 246, 246);height: 20px;vertical-align: baseline;width: 150px !important;\">\n<p>Thông tin chung</p></td>\n<td style = \"    background-color: rgb(252, 252, 252);height: 20px;vertical-align: baseline;\">\n<p>Thương hiệu :</p> </td> \n<td style = \"background-color: rgb(252, 252, 252);height: 20px;vertical-align: baseline;\">\n<p>SMARTWATCH</p> </td> \n</tr>\n<tr>\n<td style = \"    background-color: rgb(252, 252, 252);height: 20px;vertical-align: baseline;\">\n<p>Loại máy :</p> </td> \n<td style = \"background-color: rgb(252, 252, 252);height: 20px;vertical-align: baseline;\">\n<p>Quartz(chạy pin)</p> </td> \n</tr>\n<tr>\n<td style = \"    background-color: rgb(252, 252, 252);height: 20px;vertical-align: baseline;\">\n<p>Kiểu dáng</p> </td> \n<td style = \"background-color: rgb(252, 252, 252);height: 20px;vertical-align: baseline;\">\n<p>Nam</p> </td> \n</tr>\n<tr>\n<td style = \"    background-color: rgb(252, 252, 252);height: 20px;vertical-align: baseline;\">\n<p>Mặt kính</p> </td> \n<td style = \"background-color: rgb(252, 252, 252);height: 20px;vertical-align: baseline;\">\n<p>Nhựa</p> </td> \n</tr>\n<tr>\n<td style = \"    background-color: rgb(252, 252, 252);height: 20px;vertical-align: baseline;\">\n<p>Vỏ</p> </td> \n<td style = \"background-color: rgb(252, 252, 252);height: 20px;vertical-align: baseline;\">\n<p>Thép không gỉ</p> </td> \n</tr>\n<tr>\n<td style = \"    background-color: rgb(252, 252, 252);height: 20px;vertical-align: baseline;\">\n<p>Đường kính</p> </td> \n<td style = \"background-color: rgb(252, 252, 252);height: 20px;vertical-align: baseline;\">\n<p>30mmX30MM</p> </td> \n</tr>\n<tr>\n<td style = \"    background-color: rgb(252, 252, 252);height: 20px;vertical-align: baseline;\">\n<p>Độ dày</p> </td> \n<td style = \"background-color: rgb(252, 252, 252);height: 20px;vertical-align: baseline;\">\n<p>5mm</p> </td> \n</tr>\n<tr>\n<td style = \"    background-color: rgb(252, 252, 252);height: 20px;vertical-align: baseline;\">\n<p>Độ chịu nước</p> </td> \n<td style = \"background-color: rgb(252, 252, 252);height: 20px;vertical-align: baseline;\">\n<p>5 ATM</p> </td> \n<tr>\n<td style = \"    background-color: rgb(252, 252, 252);height: 20px;vertical-align: baseline;\">\n<p>Bảo hành</p> </td> \n<td style = \"background-color: rgb(252, 252, 252);height: 20px;vertical-align: baseline;\">\n<p>6 tháng</p> </td> \n</tr>\n</tr>\n</table>', 20, 0, 389000, 0, '', 8, '2014-05-20', 0),
(48, 'SMART WATCH SA1 ', 'g-ho-thong-minh-smart-watch-sa1-mau-xanh-la-green-so-huu-cong-nghe-moi_master.jpg', '', '<table border=\"0\" cellpadding=\"0\" cellspacing=\"0\" style=\"width:570px\">\n<tr><td rowspan=\"9\" style = \"    background-color: rgb(246, 246, 246);height: 20px;vertical-align: baseline;width: 150px !important;\">\n<p>Thông tin chung</p></td>\n<td style = \"    background-color: rgb(252, 252, 252);height: 20px;vertical-align: baseline;\">\n<p>Thương hiệu :</p> </td> \n<td style = \"background-color: rgb(252, 252, 252);height: 20px;vertical-align: baseline;\">\n<p>SMARTWATCH</p> </td> \n</tr>\n<tr>\n<td style = \"    background-color: rgb(252, 252, 252);height: 20px;vertical-align: baseline;\">\n<p>Loại máy :</p> </td> \n<td style = \"background-color: rgb(252, 252, 252);height: 20px;vertical-align: baseline;\">\n<p>Quartz(chạy pin)</p> </td> \n</tr>\n<tr>\n<td style = \"    background-color: rgb(252, 252, 252);height: 20px;vertical-align: baseline;\">\n<p>Kiểu dáng</p> </td> \n<td style = \"background-color: rgb(252, 252, 252);height: 20px;vertical-align: baseline;\">\n<p>Nam</p> </td> \n</tr>\n<tr>\n<td style = \"    background-color: rgb(252, 252, 252);height: 20px;vertical-align: baseline;\">\n<p>Mặt kính</p> </td> \n<td style = \"background-color: rgb(252, 252, 252);height: 20px;vertical-align: baseline;\">\n<p>Nhựa</p> </td> \n</tr>\n<tr>\n<td style = \"    background-color: rgb(252, 252, 252);height: 20px;vertical-align: baseline;\">\n<p>Vỏ</p> </td> \n<td style = \"background-color: rgb(252, 252, 252);height: 20px;vertical-align: baseline;\">\n<p>Thép không gỉ</p> </td> \n</tr>\n<tr>\n<td style = \"    background-color: rgb(252, 252, 252);height: 20px;vertical-align: baseline;\">\n<p>Đường kính</p> </td> \n<td style = \"background-color: rgb(252, 252, 252);height: 20px;vertical-align: baseline;\">\n<p>30mmX30MM</p> </td> \n</tr>\n<tr>\n<td style = \"    background-color: rgb(252, 252, 252);height: 20px;vertical-align: baseline;\">\n<p>Độ dày</p> </td> \n<td style = \"background-color: rgb(252, 252, 252);height: 20px;vertical-align: baseline;\">\n<p>5mm</p> </td> \n</tr>\n<tr>\n<td style = \"    background-color: rgb(252, 252, 252);height: 20px;vertical-align: baseline;\">\n<p>Độ chịu nước</p> </td> \n<td style = \"background-color: rgb(252, 252, 252);height: 20px;vertical-align: baseline;\">\n<p>5 ATM</p> </td> \n<tr>\n<td style = \"    background-color: rgb(252, 252, 252);height: 20px;vertical-align: baseline;\">\n<p>Bảo hành</p> </td> \n<td style = \"background-color: rgb(252, 252, 252);height: 20px;vertical-align: baseline;\">\n<p>6 tháng</p> </td> \n</tr>\n</tr>\n</table>', 20, 1, 389000, 0, '', 8, '2014-05-20', 0),
(50, 'SMARTWATCH DMT08 SILVER', '-pham-gia-re-dong-ho-thong-minh-smartwatch-dmt08-mau-bac-silver-sotate_master.jpg', '', '<table border=\"0\" cellpadding=\"0\" cellspacing=\"0\" style=\"width:570px\">\n<tr><td rowspan=\"9\" style = \"    background-color: rgb(246, 246, 246);height: 20px;vertical-align: baseline;width: 150px !important;\">\n<p>Thông tin chung</p></td>\n<td style = \"    background-color: rgb(252, 252, 252);height: 20px;vertical-align: baseline;\">\n<p>Thương hiệu :</p> </td> \n<td style = \"background-color: rgb(252, 252, 252);height: 20px;vertical-align: baseline;\">\n<p>SMARTWATCH</p> </td> \n</tr>\n<tr>\n<td style = \"    background-color: rgb(252, 252, 252);height: 20px;vertical-align: baseline;\">\n<p>Loại máy :</p> </td> \n<td style = \"background-color: rgb(252, 252, 252);height: 20px;vertical-align: baseline;\">\n<p>Quartz(chạy pin)</p> </td> \n</tr>\n<tr>\n<td style = \"    background-color: rgb(252, 252, 252);height: 20px;vertical-align: baseline;\">\n<p>Kiểu dáng</p> </td> \n<td style = \"background-color: rgb(252, 252, 252);height: 20px;vertical-align: baseline;\">\n<p>Nam</p> </td> \n</tr>\n<tr>\n<td style = \"    background-color: rgb(252, 252, 252);height: 20px;vertical-align: baseline;\">\n<p>Mặt kính</p> </td> \n<td style = \"background-color: rgb(252, 252, 252);height: 20px;vertical-align: baseline;\">\n<p>Nhựa</p> </td> \n</tr>\n<tr>\n<td style = \"    background-color: rgb(252, 252, 252);height: 20px;vertical-align: baseline;\">\n<p>Vỏ</p> </td> \n<td style = \"background-color: rgb(252, 252, 252);height: 20px;vertical-align: baseline;\">\n<p>Thép không gỉ</p> </td> \n</tr>\n<tr>\n<td style = \"    background-color: rgb(252, 252, 252);height: 20px;vertical-align: baseline;\">\n<p>Đường kính</p> </td> \n<td style = \"background-color: rgb(252, 252, 252);height: 20px;vertical-align: baseline;\">\n<p>30mmX30MM</p> </td> \n</tr>\n<tr>\n<td style = \"    background-color: rgb(252, 252, 252);height: 20px;vertical-align: baseline;\">\n<p>Độ dày</p> </td> \n<td style = \"background-color: rgb(252, 252, 252);height: 20px;vertical-align: baseline;\">\n<p>5mm</p> </td> \n</tr>\n<tr>\n<td style = \"    background-color: rgb(252, 252, 252);height: 20px;vertical-align: baseline;\">\n<p>Độ chịu nước</p> </td> \n<td style = \"background-color: rgb(252, 252, 252);height: 20px;vertical-align: baseline;\">\n<p>5 ATM</p> </td> \n<tr>\n<td style = \"    background-color: rgb(252, 252, 252);height: 20px;vertical-align: baseline;\">\n<p>Bảo hành</p> </td> \n<td style = \"background-color: rgb(252, 252, 252);height: 20px;vertical-align: baseline;\">\n<p>6 tháng</p> </td> \n</tr>\n</tr>\n</table>', 20, 0, 439000, 0, '', 8, '2014-05-20', 0),
(51, 'GS WATCH - Wifi + 3G - Màu Vàng Gold', 'eu-hot-ve-dong-ho-thong-minh-gs-watch-wifi-3g-mau-vang-gold-phong-cach_medium.jpg', '', '<table border=\"0\" cellpadding=\"0\" cellspacing=\"0\" style=\"width:570px\">\n<tr><td rowspan=\"9\" style = \"    background-color: rgb(246, 246, 246);height: 20px;vertical-align: baseline;width: 150px !important;\">\n<p>Thông tin chung</p></td>\n<td style = \"    background-color: rgb(252, 252, 252);height: 20px;vertical-align: baseline;\">\n<p>Thương hiệu :</p> </td> \n<td style = \"background-color: rgb(252, 252, 252);height: 20px;vertical-align: baseline;\">\n<p>GS WATCH</p> </td> \n</tr>\n<tr>\n<td style = \"    background-color: rgb(252, 252, 252);height: 20px;vertical-align: baseline;\">\n<p>Loại máy :</p> </td> \n<td style = \"background-color: rgb(252, 252, 252);height: 20px;vertical-align: baseline;\">\n<p>Quartz(chạy pin)</p> </td> \n</tr>\n<tr>\n<td style = \"    background-color: rgb(252, 252, 252);height: 20px;vertical-align: baseline;\">\n<p>Kiểu dáng</p> </td> \n<td style = \"background-color: rgb(252, 252, 252);height: 20px;vertical-align: baseline;\">\n<p>Nam</p> </td> \n</tr>\n<tr>\n<td style = \"    background-color: rgb(252, 252, 252);height: 20px;vertical-align: baseline;\">\n<p>Mặt kính</p> </td> \n<td style = \"background-color: rgb(252, 252, 252);height: 20px;vertical-align: baseline;\">\n<p>Nhựa</p> </td> \n</tr>\n<tr>\n<td style = \"    background-color: rgb(252, 252, 252);height: 20px;vertical-align: baseline;\">\n<p>Vỏ</p> </td> \n<td style = \"background-color: rgb(252, 252, 252);height: 20px;vertical-align: baseline;\">\n<p>Thép không gỉ</p> </td> \n</tr>\n<tr>\n<td style = \"    background-color: rgb(252, 252, 252);height: 20px;vertical-align: baseline;\">\n<p>Đường kính</p> </td> \n<td style = \"background-color: rgb(252, 252, 252);height: 20px;vertical-align: baseline;\">\n<p>30mmX30MM</p> </td> \n</tr>\n<tr>\n<td style = \"    background-color: rgb(252, 252, 252);height: 20px;vertical-align: baseline;\">\n<p>Độ dày</p> </td> \n<td style = \"background-color: rgb(252, 252, 252);height: 20px;vertical-align: baseline;\">\n<p>5mm</p> </td> \n</tr>\n<tr>\n<td style = \"    background-color: rgb(252, 252, 252);height: 20px;vertical-align: baseline;\">\n<p>Độ chịu nước</p> </td> \n<td style = \"background-color: rgb(252, 252, 252);height: 20px;vertical-align: baseline;\">\n<p>5 ATM</p> </td> \n<tr>\n<td style = \"    background-color: rgb(252, 252, 252);height: 20px;vertical-align: baseline;\">\n<p>Bảo hành</p> </td> \n<td style = \"background-color: rgb(252, 252, 252);height: 20px;vertical-align: baseline;\">\n<p>6 tháng</p> </td> \n</tr>\n</tr>\n</table>', 20, 1, 3000000, 0, '', 8, '2014-05-20', 0),
(70, 'DÂY ĐỒNG HỒ DA 2 LỚP', 'day-dong-ho-da-2-lop-Zdz.jpg', '', '<table border=\"0\" cellpadding=\"0\" cellspacing=\"0\" style=\"width:570px\">\n<tr><td rowspan=\"3\" style = \"    background-color: rgb(246, 246, 246);height: 20px;vertical-align: baseline;width: 150px !important;\">\n<p>Thông tin chung</p></td>\n<td style = \"    background-color: rgb(252, 252, 252);height: 20px;vertical-align: baseline;\">\n<p>♦ Chất liệu da thật 100%.</p> </td> \n</tr>\n<tr>\n<td style = \"    background-color: rgb(252, 252, 252);height: 20px;vertical-align: baseline;\">\n<p>♦ Lựa chọn màu da trong mục mua hàng.</p> </td> \n</tr>\n<tr>\n<td style = \"    background-color: rgb(252, 252, 252);height: 20px;vertical-align: baseline;\">\n<p>♦ Bảo hành kỹ thuật trọn đời sản phẩm.</p> </td> \n</tr>\n\n</table>', 20, 0, 300000, 0, '', 9, '2014-05-20', 0),
(71, 'DÂY ĐỒNG HỒ DA ĐÀ ĐIỂU', 'day-dong-ho-da-da-dieu-acc.jpg', '', '<table border=\"0\" cellpadding=\"0\" cellspacing=\"0\" style=\"width:570px\">\n<tr><td rowspan=\"3\" style = \"    background-color: rgb(246, 246, 246);height: 20px;vertical-align: baseline;width: 150px !important;\">\n<p>Thông tin chung</p></td>\n<td style = \"    background-color: rgb(252, 252, 252);height: 20px;vertical-align: baseline;\">\n<p>♦ Chất liệu da thật 100%.</p> </td> \n</tr>\n<tr>\n<td style = \"    background-color: rgb(252, 252, 252);height: 20px;vertical-align: baseline;\">\n<p>♦ Lựa chọn màu da trong mục mua hàng.</p> </td> \n</tr>\n<tr>\n<td style = \"    background-color: rgb(252, 252, 252);height: 20px;vertical-align: baseline;\">\n<p>♦ Bảo hành kỹ thuật trọn đời sản phẩm.</p> </td> \n</tr>\n\n</table>', 20, 0, 600000, 0, '', 9, '2014-05-20', 0),
(72, 'DÂY ĐỒNG HỒ DA CÁ SẤU', 'day-dong-ho-da-ca-sau-VFG.jpg', '', '<table border=\"0\" cellpadding=\"0\" cellspacing=\"0\" style=\"width:570px\">\n<tr><td rowspan=\"3\" style = \"    background-color: rgb(246, 246, 246);height: 20px;vertical-align: baseline;width: 150px !important;\">\n<p>Thông tin chung</p></td>\n<td style = \"    background-color: rgb(252, 252, 252);height: 20px;vertical-align: baseline;\">\n<p>♦ Chất liệu da thật 100%.</p> </td> \n</tr>\n<tr>\n<td style = \"    background-color: rgb(252, 252, 252);height: 20px;vertical-align: baseline;\">\n<p>♦ Lựa chọn màu da trong mục mua hàng.</p> </td> \n</tr>\n<tr>\n<td style = \"    background-color: rgb(252, 252, 252);height: 20px;vertical-align: baseline;\">\n<p>♦ Bảo hành kỹ thuật trọn đời sản phẩm.</p> </td> \n</tr>\n\n</table>', 19, 1, 800000, 0, '', 9, '2014-05-20', 0),
(73, 'DÂY ĐỒNG HỒ SAMSUNG GEAR S3', 'day-dong-ho-samsung-gear-s3-WxX.jpg', '', '<table border=\"0\" cellpadding=\"0\" cellspacing=\"0\" style=\"width:570px\">\n<tr><td rowspan=\"3\" style = \"    background-color: rgb(246, 246, 246);height: 20px;vertical-align: baseline;width: 150px !important;\">\n<p>Thông tin chung</p></td>\n<td style = \"    background-color: rgb(252, 252, 252);height: 20px;vertical-align: baseline;\">\n<p>♦ Chất liệu da thật 100%.</p> </td> \n</tr>\n<tr>\n<td style = \"    background-color: rgb(252, 252, 252);height: 20px;vertical-align: baseline;\">\n<p>♦ Lựa chọn màu da trong mục mua hàng.</p> </td> \n</tr>\n<tr>\n<td style = \"    background-color: rgb(252, 252, 252);height: 20px;vertical-align: baseline;\">\n<p>♦ Bảo hành kỹ thuật trọn đời sản phẩm.</p> </td> \n</tr>\n\n</table>', 20, 0, 300000, 0, '', 9, '2014-05-20', 0),
(74, 'DÂY ĐỒNG HỒ XIAOMI AMAZFIT', 'day-dong-ho-xiaomi-amazfit-jvO.jpg', '', '<table border=\"0\" cellpadding=\"0\" cellspacing=\"0\" style=\"width:570px\">\n<tr><td rowspan=\"3\" style = \"    background-color: rgb(246, 246, 246);height: 20px;vertical-align: baseline;width: 150px !important;\">\n<p>Thông tin chung</p></td>\n<td style = \"    background-color: rgb(252, 252, 252);height: 20px;vertical-align: baseline;\">\n<p>♦ Chất liệu da thật 100%.</p> </td> \n</tr>\n<tr>\n<td style = \"    background-color: rgb(252, 252, 252);height: 20px;vertical-align: baseline;\">\n<p>♦ Lựa chọn màu da trong mục mua hàng.</p> </td> \n</tr>\n<tr>\n<td style = \"    background-color: rgb(252, 252, 252);height: 20px;vertical-align: baseline;\">\n<p>♦ Bảo hành kỹ thuật trọn đời sản phẩm.</p> </td> \n</tr>\n\n</table>', 20, 0, 300000, 0, '', 9, '2014-05-20', 0),
(75, 'Pin đồng hồ SKMEI 1227-1250 ', 'KIHDGi_simg_de2fe0_500x500_maxb.jpg', '', '<table border=\"0\" cellpadding=\"0\" cellspacing=\"0\" style=\"width:570px\">\n<tr><td rowspan=\"3\" style = \"    background-color: rgb(246, 246, 246);height: 20px;vertical-align: baseline;width: 150px !important;\">\n<p>Thông tin chung</p></td>\n<td style = \"    background-color: rgb(252, 252, 252);height: 20px;vertical-align: baseline;\">\n<p>Kích thước : 12.5X2.0mm.</p> </td> \n</tr>\n<tr>\n<td style = \"    background-color: rgb(252, 252, 252);height: 20px;vertical-align: baseline;\">\n<p>Nhà sản xuất: Maxell Nhật</p> </td> \n</tr>\n\n</table>', 20, 0, 50000, 0, '', 10, '2014-05-20', 0),
(76, 'PIN ĐỒNG HỒ V90PLUS - LMS17', 'fMS5kG_simg_de2fe0_500x500_maxb.jpg', '', '<table border=\"0\" cellpadding=\"0\" cellspacing=\"0\" style=\"width:570px\">\n<tr><td rowspan=\"3\" style = \"    background-color: rgb(246, 246, 246);height: 20px;vertical-align: baseline;width: 150px !important;\">\n<p>Thông tin chung</p></td>\n<td style = \"    background-color: rgb(252, 252, 252);height: 20px;vertical-align: baseline;\">\n<p>Kích thước : 12.5X2.0mm.</p> </td> \n</tr>\n<tr>\n<td style = \"    background-color: rgb(252, 252, 252);height: 20px;vertical-align: baseline;\">\n<p>Nhà sản xuất: Maxell Nhật</p> </td> \n</tr>\n</table>', 20, 0, 49000, 0, '', 10, '2014-05-20', 0),
(77, 'Pin đồng hồ dz09 - pindz2', 'gjbAud_simg_7d6935_600-600-0-0_cropf_simg_de2fe0_500x500_maxb.jpg', '', '<table border=\"0\" cellpadding=\"0\" cellspacing=\"0\" style=\"width:570px\">\n<tr><td rowspan=\"3\" style = \"    background-color: rgb(246, 246, 246);height: 20px;vertical-align: baseline;width: 150px !important;\">\n<p>Thông tin chung</p></td>\n<td style = \"    background-color: rgb(252, 252, 252);height: 20px;vertical-align: baseline;\">\n<p>Kích thước : 12.5X2.0mm.</p> </td> \n</tr>\n<tr>\n<td style = \"    background-color: rgb(252, 252, 252);height: 20px;vertical-align: baseline;\">\n<p>Nhà sản xuất: Maxell Nhật</p> </td> \n</tr>\n</table>', 20, 0, 59000, 30, '', 10, '2014-05-20', 0),
(78, 'Pin đồng hồ SKMEI 1220 - CR2016', 'WRwmmp_simg_de2fe0_500x500_maxb.jpg', '', '<table border=\"0\" cellpadding=\"0\" cellspacing=\"0\" style=\"width:570px\">\n<tr><td rowspan=\"3\" style = \"    background-color: rgb(246, 246, 246);height: 20px;vertical-align: baseline;width: 150px !important;\">\n<p>Thông tin chung</p></td>\n<td style = \"    background-color: rgb(252, 252, 252);height: 20px;vertical-align: baseline;\">\n<p>Kích thước : 12.5X2.0mm.</p> </td> \n</tr>\n<tr>\n<td style = \"    background-color: rgb(252, 252, 252);height: 20px;vertical-align: baseline;\">\n<p>Nhà sản xuất: Maxell Nhật</p> </td> \n</tr>\n</table>', 20, 0, 30000, 0, '', 10, '2014-05-20', 0),
(82, 'Vỉ Pin nhật Maxell SR521SW', 'G1xE3T_simg_de2fe0_500x500_maxb.jpg', '', '<table border=\"0\" cellpadding=\"0\" cellspacing=\"0\" style=\"width:570px\">\n<tr><td rowspan=\"3\" style = \"    background-color: rgb(246, 246, 246);height: 20px;vertical-align: baseline;width: 150px !important;\">\n<p>Thông tin chung</p></td>\n<td style = \"    background-color: rgb(252, 252, 252);height: 20px;vertical-align: baseline;\">\n<p>Kích thước : 12.5X2.0mm.</p> </td> \n</tr>\n<tr>\n<td style = \"    background-color: rgb(252, 252, 252);height: 20px;vertical-align: baseline;\">\n<p>Nhà sản xuất: Maxell Nhật</p> </td> \n</tr>\n</table>', 20, 0, 95000, 0, '', 10, '2014-05-26', 0),
(83, 'Vỉ pin Maxell CR1220', 'K7Bz4N_simg_7f8499_636-636-179-7_cropf_simg_de2fe0_500x500_maxb.jpg', '', '<table border=\"0\" cellpadding=\"0\" cellspacing=\"0\" style=\"width:570px\">\r\n	<tbody>\r\n		<tr>\r\n			<td rowspan=\"3\" style=\"background-color:rgb(246, 246, 246); height:20px; vertical-align:baseline; width:150px !important\">\r\n			<p>Th&ocirc;ng tin chung</p>\r\n			</td>\r\n			<td style=\"background-color:rgb(252, 252, 252); height:20px; vertical-align:baseline\">\r\n			<p>K&iacute;ch thước : 12.5X2.0mm.</p>\r\n			</td>\r\n		</tr>\r\n		<tr>\r\n			<td style=\"background-color:rgb(252, 252, 252); height:20px; vertical-align:baseline\">\r\n			<p>Nh&agrave; sản xuất: Maxell Nhật</p>\r\n			</td>\r\n		</tr>\r\n	</tbody>\r\n</table>\r\n', 40, 10, 50000, 0, '', 10, '2014-05-20', 0);

--
-- Chỉ mục cho các bảng đã đổ
--

--
-- Chỉ mục cho bảng `chitiethoadon`
--
ALTER TABLE `chitiethoadon`
  ADD PRIMARY KEY (`id_hdct`),
  ADD KEY `fk_cthoadon_mahd` (`mahd`),
  ADD KEY `fk_sanpham_idsp` (`idsp`);

--
-- Chỉ mục cho bảng `danhmuc`
--
ALTER TABLE `danhmuc`
  ADD PRIMARY KEY (`madm`);

--
-- Chỉ mục cho bảng `hoadon`
--
ALTER TABLE `hoadon`
  ADD PRIMARY KEY (`mahd`),
  ADD KEY `fk_hoadon_idnd` (`idnd`);

--
-- Chỉ mục cho bảng `nguoidung`
--
ALTER TABLE `nguoidung`
  ADD PRIMARY KEY (`idnd`);

--
-- Chỉ mục cho bảng `sanpham`
--
ALTER TABLE `sanpham`
  ADD PRIMARY KEY (`idsp`),
  ADD KEY `fk_sanpham_madm` (`madm`);

--
-- AUTO_INCREMENT cho các bảng đã đổ
--

--
-- AUTO_INCREMENT cho bảng `chitiethoadon`
--
ALTER TABLE `chitiethoadon`
  MODIFY `id_hdct` int(10) NOT NULL AUTO_INCREMENT, AUTO_INCREMENT=14;

--
-- AUTO_INCREMENT cho bảng `danhmuc`
--
ALTER TABLE `danhmuc`
  MODIFY `madm` int(11) NOT NULL AUTO_INCREMENT, AUTO_INCREMENT=11;

--
-- AUTO_INCREMENT cho bảng `hoadon`
--
ALTER TABLE `hoadon`
  MODIFY `mahd` int(11) NOT NULL AUTO_INCREMENT, AUTO_INCREMENT=11;

--
-- AUTO_INCREMENT cho bảng `nguoidung`
--
ALTER TABLE `nguoidung`
  MODIFY `idnd` int(11) NOT NULL AUTO_INCREMENT, AUTO_INCREMENT=5;

--
-- AUTO_INCREMENT cho bảng `sanpham`
--
ALTER TABLE `sanpham`
  MODIFY `idsp` int(11) NOT NULL AUTO_INCREMENT, AUTO_INCREMENT=84;

--
-- Các ràng buộc cho các bảng đã đổ
--

--
-- Các ràng buộc cho bảng `chitiethoadon`
--
ALTER TABLE `chitiethoadon`
  ADD CONSTRAINT `fk_cthoadon_mahd` FOREIGN KEY (`mahd`) REFERENCES `hoadon` (`mahd`) ON DELETE CASCADE ON UPDATE CASCADE,
  ADD CONSTRAINT `fk_sanpham_idsp` FOREIGN KEY (`idsp`) REFERENCES `sanpham` (`idsp`) ON DELETE CASCADE ON UPDATE CASCADE;

--
-- Các ràng buộc cho bảng `hoadon`
--
ALTER TABLE `hoadon`
  ADD CONSTRAINT `fk_hoadon_idnd` FOREIGN KEY (`idnd`) REFERENCES `nguoidung` (`idnd`) ON DELETE CASCADE ON UPDATE CASCADE;

--
-- Các ràng buộc cho bảng `sanpham`
--
ALTER TABLE `sanpham`
  ADD CONSTRAINT `fk_sanpham_madm` FOREIGN KEY (`madm`) REFERENCES `danhmuc` (`madm`) ON DELETE CASCADE ON UPDATE CASCADE;
COMMIT;

/*!40101 SET CHARACTER_SET_CLIENT=@OLD_CHARACTER_SET_CLIENT */;
/*!40101 SET CHARACTER_SET_RESULTS=@OLD_CHARACTER_SET_RESULTS */;
/*!40101 SET COLLATION_CONNECTION=@OLD_COLLATION_CONNECTION */;
